,sku,forecast_period,interval,last_date,2019-06,2019-07,2019-08,2019-09,2019-10
0,1124483900,5,M,2019-05-28,0.0,0.0,0.0,0.0,0.0
1,1202234500,5,M,2019-05-28,0.0,0.0,0.0,0.0,0.0
2,1202236300,5,M,2019-05-28,1.0,0.0,0.0,0.0,0.0
3,1242102400,5,M,2019-05-28,0.0,0.0,0.0,0.0,0.0
4,1242102601,5,M,2019-05-28,0.0,0.0,0.0,0.0,0.0
5,1242220800,5,M,2019-05-28,0.0,0.0,0.0,0.0,0.0
6,1285715400,5,M,2019-05-28,9.0,7.0,19.0,109.0,7.0
7,1452737800,5,M,2019-05-28,0.0,0.0,0.0,0.0,0.0
8,1452739600,5,M,2019-05-28,0.0,0.0,0.0,0.0,0.0
9,1455422600,5,M,2019-05-28,1.0,1.0,1.0,1.0,1.0
10,1622750900,5,M,2019-05-28,0.0,0.0,0.0,0.0,0.0
11,1642102101,5,M,2019-05-28,0.0,0.0,0.0,0.0,0.0
12,1642133201,5,M,2019-05-28,0.0,0.0,0.0,0.0,0.0
13,1722017500,5,M,2019-05-28,0.0,0.0,0.0,0.0,0.0
14,1755721500,5,M,2019-05-28,0.0,0.0,0.0,0.0,0.0
15,1773560500,5,M,2019-05-28,0.0,0.0,0.0,0.0,0.0
16,1773560600,5,M,2019-05-28,0.0,0.0,0.0,0.0,0.0
17,1773560700,5,M,2019-05-28,0.0,0.0,0.0,0.0,0.0
18,1862717400,5,M,2019-05-28,0.0,0.0,0.0,0.0,0.0
19,1862719600,5,M,2019-05-28,0.0,0.0,0.0,0.0,0.0
20,1880726800,5,M,2019-05-28,0.0,0.0,0.0,0.0,0.0
21,3004626602,5,M,2019-05-28,2.0,2.0,2.0,2.0,2.0
22,3090401600,5,M,2019-05-28,2.0,2.0,2.0,2.0,2.0
23,3093035100,5,M,2019-05-28,0.0,0.0,0.0,0.0,0.0
24,3093331900,5,M,2019-05-28,3.75,3.125,3.438,3.281,3.359
25,3093602300,5,M,2019-05-28,2.0,2.0,2.0,2.0,2.0
26,3097522900,5,M,2019-05-28,1.5,1.25,1.375,1.312,1.344
27,3114502010,5,M,2019-05-28,0.0,0.0,0.0,0.0,0.0
28,3117503901,5,M,2019-05-28,0.0,0.0,0.0,0.0,0.0
29,3124880400,5,M,2019-05-28,0.0,0.0,0.0,0.0,0.0
30,4440210700,5,M,2019-05-28,0.75,0.625,0.688,0.656,0.672
31,4441545200,5,M,2019-05-28,1.0,1.0,1.0,1.0,1.0
32,4441553100,5,M,2019-05-28,0.0,0.0,0.0,0.0,0.0
33,4442259700,5,M,2019-05-28,1.5,1.25,1.375,1.312,1.344
34,4450768300,5,M,2019-05-28,0.0,0.0,0.0,0.0,0.0
35,4450972111,5,M,2019-05-28,0.0,0.0,0.0,0.0,0.0
36,4450972118,5,M,2019-05-28,0.0,0.0,0.0,0.0,0.0
37,4450972120,5,M,2019-05-28,0.0,0.0,0.0,0.0,0.0
38,4450972123,5,M,2019-05-28,0.0,0.0,0.0,0.0,0.0
39,4450972126,5,M,2019-05-28,0.0,0.0,0.0,0.0,0.0
40,4451514500,5,M,2019-05-28,0.0,0.0,1.0,0.0,0.0
41,4451553100,5,M,2019-05-28,1.0,1.0,1.0,1.0,1.0
42,4451741122,5,M,2019-05-28,0.0,0.0,0.0,0.0,0.0
43,4451741124,5,M,2019-05-28,0.0,0.0,0.0,0.0,0.0
44,1465A066,5,M,2019-05-28,0.0,0.0,0.0,0.0,0.0
45,1582A195,5,M,2019-05-28,0.0,0.0,0.0,0.0,0.0
46,FU326346000,5,M,2019-05-28,1.0,0.0,0.0,0.0,0.0
47,FU326347000,5,M,2019-05-28,1.0,0.0,0.0,0.0,0.0
48,FU326348001,5,M,2019-05-28,1.0,0.0,0.0,0.0,0.0
49,MA141871,5,M,2019-05-28,0.0,0.0,1.0,0.0,0.0
50,MA151204,5,M,2019-05-28,4.0,4.0,4.0,4.0,4.0
51,MA236062,5,M,2019-05-28,0.0,0.0,0.0,0.0,0.0
52,MB000079,5,M,2019-05-28,52.0,42.0,13.0,14.0,38.0
53,MB005277,5,M,2019-05-28,0.0,0.0,0.0,0.0,0.0
54,MB005278,5,M,2019-05-28,0.0,0.0,0.0,1.0,0.0
55,MB005279,5,M,2019-05-28,0.0,0.0,0.0,1.0,0.0
56,MB005280,5,M,2019-05-28,0.0,0.0,0.0,1.0,0.0
57,MB025760,5,M,2019-05-28,0.0,0.0,0.0,0.0,0.0
58,MB060083,5,M,2019-05-28,0.0,0.0,0.0,0.0,0.0
59,MB060148,5,M,2019-05-28,0.0,0.0,0.0,0.0,0.0
60,MB060246,5,M,2019-05-28,5.0,6.0,6.0,6.0,6.0
61,MB083730,5,M,2019-05-28,0.0,0.0,0.0,0.0,0.0
62,MB110347,5,M,2019-05-28,0.0,0.0,0.0,0.0,0.0
63,MB111214,5,M,2019-05-28,3.0,2.5,2.75,2.625,2.688
64,MB145120,5,M,2019-05-28,0.0,0.0,0.0,0.0,0.0
65,MB158706,5,M,2019-05-28,1.5,1.25,1.375,1.312,1.344
66,MB161146,5,M,2019-05-28,7.0,4.0,4.0,8.0,3.0
67,MB161822,5,M,2019-05-28,0.0,0.0,0.0,0.0,0.0
68,MB188184,5,M,2019-05-28,0.0,0.0,0.0,0.0,1.0
69,MB188930,5,M,2019-05-28,0.0,0.0,0.0,0.0,0.0
70,MB197520,5,M,2019-05-28,1.0,1.0,1.0,1.0,1.0
71,MB200690,5,M,2019-05-28,4.0,5.0,6.0,5.0,5.0
72,MB222139,5,M,2019-05-28,0.0,0.0,0.0,0.0,0.0
73,MB229024,5,M,2019-05-28,0.0,0.0,0.0,0.0,0.0
74,MB253130,5,M,2019-05-28,0.0,0.0,0.0,0.0,0.0
75,MB256879,5,M,2019-05-28,1.0,1.0,1.0,1.0,1.0
76,MB259888,5,M,2019-05-28,0.0,0.0,0.0,0.0,0.0
77,MB260409,5,M,2019-05-28,2.0,2.0,2.0,2.0,2.0
78,MB269617,5,M,2019-05-28,0.0,0.0,0.0,0.0,0.0
79,MB293314,5,M,2019-05-28,0.0,0.0,0.0,0.0,0.0
80,MB294623,5,M,2019-05-28,0.0,0.0,0.0,0.0,0.0
81,MB295343,5,M,2019-05-28,0.0,0.0,0.0,0.0,0.0
82,MB295551,5,M,2019-05-28,18.0,23.0,16.0,19.0,19.0
83,MB297943,5,M,2019-05-28,4.0,4.0,4.0,4.0,4.0
84,MB302227,5,M,2019-05-28,0.0,1.0,1.0,1.0,1.0
85,MB334131,5,M,2019-05-28,0.0,0.0,0.0,0.0,0.0
86,MB334150,5,M,2019-05-28,30.0,48.0,33.0,6.0,10.0
87,MB361218,5,M,2019-05-28,4.0,16.0,9.0,10.0,11.0
88,MB390951,5,M,2019-05-28,19.0,36.0,14.0,42.0,38.0
89,MB390989,5,M,2019-05-28,0.0,0.0,0.0,0.0,0.0
90,MB391615,5,M,2019-05-28,0.0,0.0,0.0,0.0,0.0
91,MB392708,5,M,2019-05-28,0.0,0.0,0.0,0.0,0.0
92,MB392920,5,M,2019-05-28,2.0,2.0,2.0,2.0,2.0
93,MB394710,5,M,2019-05-28,27.0,28.0,26.0,27.0,39.0
94,MB412538,5,M,2019-05-28,0.0,0.0,0.0,0.0,0.0
95,MB415435,5,M,2019-05-28,2.25,1.875,2.062,1.969,2.016
96,MB439722,5,M,2019-05-28,1.5,1.25,1.375,1.312,1.344
97,MB486623,5,M,2019-05-28,0.0,0.0,0.0,1.0,0.0
98,MB526347,5,M,2019-05-28,4.0,4.0,4.0,4.0,4.0
99,MB553002,5,M,2019-05-28,0.0,0.0,0.0,0.0,0.0
100,MB556349,5,M,2019-05-28,0.0,0.0,0.0,0.0,0.0
101,MB633070,5,M,2019-05-28,0.0,0.0,0.0,0.0,0.0
102,MB726239,5,M,2019-05-28,0.0,0.0,0.0,0.0,0.0
103,MC001121,5,M,2019-05-28,0.0,0.0,0.0,0.0,0.0
104,MC001139,5,M,2019-05-28,0.0,0.0,0.0,0.0,0.0
105,MC015452,5,M,2019-05-28,0.0,0.0,0.0,0.0,0.0
106,MC015456,5,M,2019-05-28,0.0,0.0,0.0,0.0,0.0
107,MC015457,5,M,2019-05-28,0.0,0.0,0.0,0.0,0.0
108,MC015462,5,M,2019-05-28,0.0,0.0,0.0,0.0,0.0
109,MC017661,5,M,2019-05-28,2.0,2.0,2.0,2.0,2.0
110,MC017952,5,M,2019-05-28,1.0,1.0,1.0,1.0,1.0
111,MC022119,5,M,2019-05-28,0.0,0.0,0.0,1.0,0.0
112,MC023679,5,M,2019-05-28,2.0,2.0,2.0,2.0,2.0
113,MC025954,5,M,2019-05-28,0.0,0.0,0.0,0.0,0.0
114,MC033921,5,M,2019-05-28,2.0,2.0,2.0,2.0,2.0
115,MC034127,5,M,2019-05-28,1.5,1.25,1.375,1.312,1.344
116,MC037985,5,M,2019-05-28,0.0,0.0,0.0,0.0,0.0
117,MC043006,5,M,2019-05-28,0.0,0.0,0.0,0.0,0.0
118,MC057658,5,M,2019-05-28,0.0,0.0,0.0,0.0,0.0
119,MC058410,5,M,2019-05-28,1.0,0.0,0.0,0.0,0.0
120,MC058419,5,M,2019-05-28,0.0,0.0,0.0,0.0,0.0
121,MC067056,5,M,2019-05-28,0.0,0.0,0.0,0.0,0.0
122,MC070601,5,M,2019-05-28,0.0,0.0,0.0,0.0,0.0
123,MC072022,5,M,2019-05-28,0.0,0.0,0.0,0.0,0.0
124,MC072307,5,M,2019-05-28,0.0,0.0,0.0,0.0,0.0
125,MC076069,5,M,2019-05-28,11.0,10.0,9.0,8.0,9.0
126,MC080339,5,M,2019-05-28,1.0,1.0,1.0,1.0,1.0
127,MC080658,5,M,2019-05-28,0.0,0.0,0.0,0.0,0.0
128,MC081041,5,M,2019-05-28,0.0,0.0,1.0,0.0,0.0
129,MC081462,5,M,2019-05-28,0.0,0.0,0.0,0.0,0.0
130,MC081560,5,M,2019-05-28,0.0,0.0,0.0,0.0,1.0
131,MC081817,5,M,2019-05-28,0.0,0.0,0.0,0.0,0.0
132,MC082424,5,M,2019-05-28,0.0,0.0,1.0,0.0,0.0
133,MC082719,5,M,2019-05-28,0.0,0.0,0.0,0.0,0.0
134,MC085648,5,M,2019-05-28,1.0,1.0,1.0,1.0,1.0
135,MC089054,5,M,2019-05-28,0.0,1.0,1.0,1.0,1.0
136,MC089604,5,M,2019-05-28,0.0,0.0,0.0,0.0,0.0
137,MC089971,5,M,2019-05-28,2.0,2.0,2.0,2.0,2.0
138,MC090389,5,M,2019-05-28,0.0,0.0,0.0,0.0,0.0
139,MC111341,5,M,2019-05-28,0.0,0.0,0.0,0.0,0.0
140,MC112002,5,M,2019-05-28,0.0,0.0,0.0,0.0,0.0
141,MC112144,5,M,2019-05-28,29.0,35.0,24.0,23.0,28.0
142,MC112512,5,M,2019-05-28,0.0,0.0,0.0,0.0,0.0
143,MC114560,5,M,2019-05-28,4.0,11.0,6.0,3.0,8.0
144,MC116183,5,M,2019-05-28,0.0,0.0,0.0,0.0,0.0
145,MC117648,5,M,2019-05-28,56.0,17.0,33.0,27.0,27.0
146,MC118750,5,M,2019-05-28,3.0,8.0,6.0,8.0,1.0
147,MC123137,5,M,2019-05-28,0.0,0.0,0.0,0.0,0.0
148,MC124858,5,M,2019-05-28,15.0,15.0,15.0,16.0,15.0
149,MC127055,5,M,2019-05-28,0.0,0.0,0.0,0.0,0.0
150,MC129600,5,M,2019-05-28,0.0,0.0,0.0,0.0,0.0
151,MC134432,5,M,2019-05-28,0.0,0.0,0.0,0.0,0.0
152,MC138928,5,M,2019-05-28,0.0,0.0,0.0,0.0,0.0
153,MC140105,5,M,2019-05-28,0.0,0.0,0.0,0.0,0.0
154,MC140354,5,M,2019-05-28,5.0,5.0,4.0,4.0,4.0
155,MC142570,5,M,2019-05-28,1.0,1.0,1.0,1.0,1.0
156,MC142765,5,M,2019-05-28,0.0,0.0,0.0,0.0,0.0
157,MC142784,5,M,2019-05-28,0.0,0.0,0.0,0.0,0.0
158,MC146059,5,M,2019-05-28,7.0,82.0,17.0,2.0,6.0
159,MC146491,5,M,2019-05-28,0.0,0.0,0.0,0.0,0.0
160,MC147092,5,M,2019-05-28,0.0,0.0,0.0,0.0,0.0
161,MC147883,5,M,2019-05-28,0.0,0.0,0.0,0.0,0.0
162,MC149097,5,M,2019-05-28,0.0,0.0,0.0,0.0,0.0
163,MC153090,5,M,2019-05-28,8.0,10.0,10.0,9.0,9.0
164,MC180339,5,M,2019-05-28,0.0,0.0,0.0,0.0,0.0
165,MC180381,5,M,2019-05-28,0.0,0.0,0.0,0.0,0.0
166,MC180553,5,M,2019-05-28,0.0,0.0,0.0,0.0,0.0
167,MC181017,5,M,2019-05-28,1.5,1.25,1.375,1.312,1.344
168,MC181179,5,M,2019-05-28,0.0,0.0,0.0,0.0,1.0
169,MC181180,5,M,2019-05-28,0.0,0.0,0.0,0.0,1.0
170,MC181228,5,M,2019-05-28,0.0,0.0,0.0,1.0,0.0
171,MC181463,5,M,2019-05-28,0.0,0.0,0.0,0.0,0.0
172,MC181472,5,M,2019-05-28,0.0,0.0,0.0,0.0,0.0
173,MC181473,5,M,2019-05-28,0.0,0.0,0.0,0.0,0.0
174,MC182153,5,M,2019-05-28,3.0,3.0,3.0,3.0,3.0
175,MC183328,5,M,2019-05-28,0.0,0.0,0.0,0.0,0.0
176,MC183935,5,M,2019-05-28,0.0,0.0,0.0,0.0,0.0
177,MC184229,5,M,2019-05-28,0.0,0.0,0.0,0.0,0.0
178,MC184752,5,M,2019-05-28,0.0,0.0,0.0,0.0,0.0
179,MC185131,5,M,2019-05-28,0.0,0.0,0.0,0.0,0.0
180,MC185168,5,M,2019-05-28,0.0,0.0,0.0,0.0,0.0
181,MC185530,5,M,2019-05-28,0.0,0.0,1.0,0.0,0.0
182,MC185600,5,M,2019-05-28,0.0,0.0,0.0,0.0,0.0
183,MC186378,5,M,2019-05-28,0.0,0.0,0.0,0.0,0.0
184,MC187175,5,M,2019-05-28,0.0,0.0,0.0,0.0,0.0
185,MC187578,5,M,2019-05-28,0.0,0.0,1.0,0.0,0.0
186,MC187627,5,M,2019-05-28,0.0,0.0,0.0,0.0,0.0
187,MC188043,5,M,2019-05-28,0.0,0.0,0.0,0.0,0.0
188,MC188310,5,M,2019-05-28,0.0,0.0,1.0,0.0,0.0
189,MC188410,5,M,2019-05-28,0.0,0.0,0.0,0.0,0.0
190,MC189258,5,M,2019-05-28,0.0,0.0,0.0,0.0,0.0
191,MC189783,5,M,2019-05-28,0.0,0.0,0.0,0.0,0.0
192,MC189858,5,M,2019-05-28,0.0,0.0,1.0,0.0,0.0
193,MC262553,5,M,2019-05-28,0.0,0.0,0.0,0.0,0.0
194,MC262554,5,M,2019-05-28,0.0,0.0,0.0,0.0,0.0
195,MC262556,5,M,2019-05-28,0.0,0.0,0.0,0.0,0.0
196,MC262559,5,M,2019-05-28,0.0,0.0,0.0,0.0,0.0
197,MC262560,5,M,2019-05-28,0.0,0.0,0.0,0.0,0.0
198,MC262567,5,M,2019-05-28,0.0,0.0,0.0,0.0,0.0
199,MC262572,5,M,2019-05-28,0.0,0.0,0.0,0.0,0.0
200,MC262831,5,M,2019-05-28,3.0,3.0,3.0,3.0,3.0
201,MC287242,5,M,2019-05-28,0.0,0.0,0.0,0.0,0.0
202,MC302526,5,M,2019-05-28,0.0,0.0,0.0,0.0,0.0
203,MC303504,5,M,2019-05-28,2.0,2.0,2.0,2.0,2.0
204,MC312820,5,M,2019-05-28,0.0,0.0,0.0,0.0,0.0
205,MC315989,5,M,2019-05-28,0.0,0.0,0.0,0.0,0.0
206,MC317147,5,M,2019-05-28,2.0,2.0,2.0,2.0,2.0
207,MC342630,5,M,2019-05-28,0.0,0.0,0.0,0.0,0.0
208,MC348982,5,M,2019-05-28,0.0,0.0,0.0,0.0,0.0
209,MC353862,5,M,2019-05-28,2.0,2.0,2.0,2.0,2.0
210,MC358718,5,M,2019-05-28,0.0,0.0,0.0,0.0,0.0
211,MC358719,5,M,2019-05-28,0.0,0.0,0.0,0.0,0.0
212,MC359716,5,M,2019-05-28,0.0,0.0,0.0,0.0,0.0
213,MC363588,5,M,2019-05-28,1.0,1.0,1.0,1.0,1.0
214,MC366160,5,M,2019-05-28,0.0,0.0,0.0,0.0,0.0
215,MC402183,5,M,2019-05-28,6.0,8.0,6.0,0.0,1.0
216,MC402273,5,M,2019-05-28,0.0,0.0,1.0,0.0,0.0
217,MC403580,5,M,2019-05-28,0.0,0.0,0.0,0.0,0.0
218,MC403583,5,M,2019-05-28,0.0,0.0,0.0,0.0,0.0
219,MC404414,5,M,2019-05-28,0.0,0.0,0.0,0.0,0.0
220,MC405328,5,M,2019-05-28,1.0,1.0,1.0,1.0,1.0
221,MC410282,5,M,2019-05-28,1.0,0.0,0.0,0.0,0.0
222,MC411524,5,M,2019-05-28,0.0,0.0,0.0,0.0,0.0
223,MC411872,5,M,2019-05-28,0.0,0.0,0.0,0.0,0.0
224,MC411923,5,M,2019-05-28,2.0,2.0,2.0,2.0,2.0
225,MC414426,5,M,2019-05-28,0.0,0.0,0.0,0.0,0.0
226,MC418438,5,M,2019-05-28,0.0,0.0,0.0,0.0,0.0
227,MC421760,5,M,2019-05-28,0.0,0.0,0.0,0.0,0.0
228,MC430726,5,M,2019-05-28,0.0,0.0,0.0,0.0,1.0
229,MC437446,5,M,2019-05-28,0.0,0.0,0.0,0.0,0.0
230,MC439042,5,M,2019-05-28,1.0,0.0,0.0,0.0,0.0
231,MC439732,5,M,2019-05-28,0.0,0.0,0.0,0.0,0.0
232,MC439733,5,M,2019-05-28,0.0,0.0,0.0,0.0,0.0
233,MC441016,5,M,2019-05-28,0.0,0.0,0.0,0.0,0.0
234,MC441223,5,M,2019-05-28,0.0,0.0,0.0,0.0,0.0
235,MC443750,5,M,2019-05-28,0.0,0.0,0.0,0.0,0.0
236,MC449962,5,M,2019-05-28,0.0,0.0,0.0,0.0,0.0
237,MC539193,5,M,2019-05-28,0.0,0.0,0.0,0.0,0.0
238,MC543505,5,M,2019-05-28,2.0,2.0,2.0,2.0,2.0
239,MC560876,5,M,2019-05-28,1.5,1.25,1.375,1.312,1.344
240,MC601174,5,M,2019-05-28,0.0,0.0,0.0,0.0,0.0
241,MC613079,5,M,2019-05-28,1.5,1.25,1.375,1.312,1.344
242,MC613729,5,M,2019-05-28,38.0,46.0,40.0,38.0,46.0
243,MC615633,5,M,2019-05-28,0.0,0.0,0.0,0.0,0.0
244,MC621517,5,M,2019-05-28,0.0,0.0,0.0,0.0,0.0
245,MC623494,5,M,2019-05-28,0.0,0.0,0.0,0.0,0.0
246,MC626461,5,M,2019-05-28,0.0,0.0,0.0,0.0,0.0
247,MC628333,5,M,2019-05-28,0.0,0.0,0.0,0.0,0.0
248,MC628335,5,M,2019-05-28,0.0,0.0,0.0,0.0,0.0
249,MC628336,5,M,2019-05-28,0.0,0.0,0.0,0.0,0.0
250,MC631836,5,M,2019-05-28,0.0,0.0,0.0,0.0,1.0
251,MC631839,5,M,2019-05-28,0.0,0.0,0.0,0.0,1.0
252,MC632703,5,M,2019-05-28,2.0,2.0,2.0,2.0,2.0
253,MC632704,5,M,2019-05-28,2.0,2.0,2.0,2.0,2.0
254,MC633911,5,M,2019-05-28,0.0,0.0,0.0,0.0,0.0
255,MC642890,5,M,2019-05-28,0.0,0.0,0.0,0.0,0.0
256,MC722339,5,M,2019-05-28,0.0,0.0,0.0,0.0,0.0
257,MC723672,5,M,2019-05-28,0.0,0.0,0.0,0.0,0.0
258,MC803170,5,M,2019-05-28,0.0,0.0,0.0,0.0,0.0
259,MC804488,5,M,2019-05-28,0.0,0.0,0.0,0.0,0.0
260,MC804504,5,M,2019-05-28,0.0,0.0,0.0,0.0,0.0
261,MC804969,5,M,2019-05-28,0.0,0.0,0.0,1.0,0.0
262,MC807153,5,M,2019-05-28,0.0,0.0,0.0,0.0,0.0
263,MC809605,5,M,2019-05-28,0.0,0.0,0.0,0.0,0.0
264,MC810266,5,M,2019-05-28,0.0,0.0,0.0,0.0,0.0
265,MC813266,5,M,2019-05-28,2.0,2.0,1.0,2.0,2.0
266,MC813523,5,M,2019-05-28,0.0,0.0,0.0,0.0,0.0
267,MC814322,5,M,2019-05-28,0.0,0.0,0.0,0.0,0.0
268,MC815374,5,M,2019-05-28,1.0,1.0,1.0,1.0,1.0
269,MC815598,5,M,2019-05-28,0.0,0.0,0.0,0.0,0.0
270,MC816005,5,M,2019-05-28,1.5,1.25,1.375,1.312,1.344
271,MC819031,5,M,2019-05-28,5.0,5.0,5.0,5.0,5.0
272,MC822290,5,M,2019-05-28,0.0,0.0,0.0,0.0,0.0
273,MC822294,5,M,2019-05-28,0.0,0.0,0.0,0.0,0.0
274,MC824629,5,M,2019-05-28,0.0,0.0,0.0,0.0,0.0
275,MC825066,5,M,2019-05-28,0.0,0.0,0.0,0.0,0.0
276,MC827248,5,M,2019-05-28,1.0,0.0,0.0,0.0,0.0
277,MC828225,5,M,2019-05-28,2.25,1.875,2.062,1.969,2.016
278,MC828226,5,M,2019-05-28,2.25,1.875,2.062,1.969,2.016
279,MC831289,5,M,2019-05-28,0.0,0.0,0.0,0.0,0.0
280,MC831321,5,M,2019-05-28,1.0,0.0,0.0,0.0,0.0
281,MC832370,5,M,2019-05-28,1.0,1.0,1.0,1.0,1.0
282,MC832371,5,M,2019-05-28,1.5,1.25,1.375,1.312,1.344
283,MC834552,5,M,2019-05-28,0.0,0.0,0.0,0.0,0.0
284,MC836021,5,M,2019-05-28,0.0,0.0,0.0,0.0,0.0
285,MC837090,5,M,2019-05-28,0.75,0.625,0.688,0.656,0.672
286,MC838112,5,M,2019-05-28,0.0,1.0,1.0,1.0,1.0
287,MC838568,5,M,2019-05-28,0.0,0.0,0.0,0.0,0.0
288,MC838677,5,M,2019-05-28,0.0,0.0,0.0,0.0,0.0
289,MC838679,5,M,2019-05-28,0.0,0.0,0.0,0.0,0.0
290,MC838680,5,M,2019-05-28,0.0,0.0,1.0,0.0,0.0
291,MC839300,5,M,2019-05-28,0.0,0.0,1.0,0.0,0.0
292,MC839926,5,M,2019-05-28,0.0,0.0,0.0,0.0,0.0
293,MC843788,5,M,2019-05-28,10.0,4.0,3.0,10.0,4.0
294,MC844073,5,M,2019-05-28,0.0,0.0,0.0,0.0,0.0
295,MC844580,5,M,2019-05-28,0.0,0.0,0.0,1.0,0.0
296,MC846982,5,M,2019-05-28,0.0,0.0,0.0,0.0,0.0
297,MC848186,5,M,2019-05-28,0.0,0.0,0.0,0.0,0.0
298,MC853591,5,M,2019-05-28,0.0,0.0,0.0,0.0,0.0
299,MC854708,5,M,2019-05-28,16.0,6.0,12.0,2.0,7.0
300,MC856677,5,M,2019-05-28,0.0,0.0,1.0,0.0,0.0
301,MC858395,5,M,2019-05-28,0.0,0.0,0.0,0.0,0.0
302,MC858965,5,M,2019-05-28,0.0,0.0,1.0,0.0,0.0
303,MC859050,5,M,2019-05-28,32.0,35.0,16.0,7.0,14.0
304,MC859135,5,M,2019-05-28,14.0,12.0,14.0,14.0,12.0
305,MC859391,5,M,2019-05-28,0.0,0.0,2.0,0.0,0.0
306,MC859491,5,M,2019-05-28,0.0,0.0,0.0,0.0,0.0
307,MC859819,5,M,2019-05-28,0.0,0.0,0.0,0.0,0.0
308,MC863705,5,M,2019-05-28,0.0,0.0,0.0,0.0,0.0
309,MC865370,5,M,2019-05-28,0.0,0.0,0.0,0.0,0.0
310,MC866146,5,M,2019-05-28,13.0,11.0,13.0,13.0,11.0
311,MC867505,5,M,2019-05-28,0.0,2.0,2.0,34.0,0.0
312,MC868605,5,M,2019-05-28,0.0,0.0,0.0,0.0,0.0
313,MC868606,5,M,2019-05-28,0.0,0.0,0.0,0.0,0.0
314,MC869934,5,M,2019-05-28,2.0,2.0,2.0,2.0,2.0
315,MC881484,5,M,2019-05-28,0.0,0.0,0.0,0.0,0.0
316,MC883143,5,M,2019-05-28,0.0,0.0,0.0,1.0,0.0
317,MC884671,5,M,2019-05-28,0.0,0.0,0.0,0.0,0.0
318,MC886542,5,M,2019-05-28,0.0,0.0,0.0,0.0,0.0
319,MC886552,5,M,2019-05-28,0.0,0.0,0.0,0.0,0.0
320,MC891377,5,M,2019-05-28,0.0,0.0,0.0,0.0,0.0
321,MC891558,5,M,2019-05-28,0.0,0.0,0.0,0.0,0.0
322,MC891559,5,M,2019-05-28,0.0,0.0,0.0,0.0,0.0
323,MC891882,5,M,2019-05-28,1.5,1.25,1.375,1.312,1.344
324,MC891950,5,M,2019-05-28,0.0,0.0,0.0,0.0,0.0
325,MC891951,5,M,2019-05-28,0.0,0.0,0.0,0.0,0.0
326,MC892178,5,M,2019-05-28,9.0,8.0,9.0,8.0,8.0
327,MC893548,5,M,2019-05-28,1.5,1.25,1.375,1.312,1.344
328,MC893549,5,M,2019-05-28,0.0,0.0,0.0,0.0,1.0
329,MC894416,5,M,2019-05-28,0.0,0.0,0.0,0.0,0.0
330,MC894920,5,M,2019-05-28,1.5,1.25,1.375,1.312,1.344
331,MC895318,5,M,2019-05-28,0.0,0.0,0.0,0.0,0.0
332,MC895655,5,M,2019-05-28,0.0,0.0,0.0,0.0,0.0
333,MC895989,5,M,2019-05-28,10.0,5.0,10.0,11.0,14.0
334,MC895991,5,M,2019-05-28,34.0,14.0,5.0,9.0,3.0
335,MC898016,5,M,2019-05-28,0.0,0.0,0.0,0.0,0.0
336,MC898280,5,M,2019-05-28,1.5,1.25,1.375,1.312,1.344
337,MC898445,5,M,2019-05-28,1.0,0.0,0.0,0.0,0.0
338,MC898596,5,M,2019-05-28,5.0,6.0,6.0,5.0,6.0
339,MC907014,5,M,2019-05-28,0.0,1.0,1.0,1.0,1.0
340,MC907548,5,M,2019-05-28,3.0,2.5,2.75,2.625,2.688
341,MC908220,5,M,2019-05-28,0.0,0.0,0.0,0.0,0.0
342,MC908284,5,M,2019-05-28,0.0,0.0,0.0,0.0,0.0
343,MC908297,5,M,2019-05-28,1.0,1.0,1.0,1.0,1.0
344,MC908757,5,M,2019-05-28,4.0,4.0,4.0,4.0,4.0
345,MC908759,5,M,2019-05-28,0.0,0.0,0.0,0.0,0.0
346,MC908773,5,M,2019-05-28,0.0,0.0,0.0,0.0,0.0
347,MC908879,5,M,2019-05-28,0.0,0.0,0.0,0.0,0.0
348,MC910823,5,M,2019-05-28,0.0,0.0,0.0,0.0,0.0
349,MC911179,5,M,2019-05-28,1.0,1.0,1.0,1.0,1.0
350,MC912543,5,M,2019-05-28,0.0,0.0,0.0,0.0,0.0
351,MC914538,5,M,2019-05-28,1.5,1.25,1.375,1.312,1.344
352,MC914539,5,M,2019-05-28,0.75,0.625,0.688,0.656,0.672
353,MC915654,5,M,2019-05-28,2.25,1.875,2.062,1.969,2.016
354,MC916585,5,M,2019-05-28,1.5,1.25,1.375,1.312,1.344
355,MC918383,5,M,2019-05-28,2.25,1.875,2.062,1.969,2.016
356,MC918542,5,M,2019-05-28,0.0,0.0,0.0,0.0,0.0
357,MC918695,5,M,2019-05-28,0.0,0.0,0.0,0.0,0.0
358,MC919451,5,M,2019-05-28,0.0,0.0,0.0,0.0,0.0
359,MC922029,5,M,2019-05-28,0.0,0.0,0.0,0.0,1.0
360,MC924206,5,M,2019-05-28,0.0,0.0,0.0,0.0,0.0
361,MC924798,5,M,2019-05-28,0.0,0.0,0.0,0.0,0.0
362,MC925275,5,M,2019-05-28,4.0,23.0,3.0,4.0,5.0
363,MC926416,5,M,2019-05-28,0.0,0.0,0.0,0.0,0.0
364,MC926450,5,M,2019-05-28,1.0,0.0,0.0,0.0,0.0
365,MC926667,5,M,2019-05-28,1.0,1.0,1.0,1.0,1.0
366,MC926687,5,M,2019-05-28,0.0,0.0,0.0,0.0,0.0
367,MC926801,5,M,2019-05-28,0.0,0.0,0.0,0.0,0.0
368,MC928399,5,M,2019-05-28,1.0,1.0,1.0,1.0,1.0
369,MC928786,5,M,2019-05-28,1.5,1.25,1.375,1.312,1.344
370,MC929615,5,M,2019-05-28,0.0,0.0,0.0,0.0,0.0
371,MC931703,5,M,2019-05-28,1.0,0.0,0.0,0.0,0.0
372,MC931704,5,M,2019-05-28,0.0,0.0,0.0,2.0,0.0
373,MC932153,5,M,2019-05-28,1.0,1.0,1.0,1.0,1.0
374,MC933670,5,M,2019-05-28,0.0,0.0,0.0,0.0,1.0
375,MC934379,5,M,2019-05-28,0.0,0.0,0.0,0.0,0.0
376,MC935138,5,M,2019-05-28,0.0,0.0,0.0,0.0,0.0
377,MC935155,5,M,2019-05-28,0.0,0.0,0.0,0.0,0.0
378,MC935167,5,M,2019-05-28,0.0,0.0,0.0,0.0,0.0
379,MC935407,5,M,2019-05-28,0.0,0.0,0.0,0.0,0.0
380,MC935430,5,M,2019-05-28,0.0,0.0,0.0,0.0,0.0
381,MC935466,5,M,2019-05-28,1.0,0.0,0.0,0.0,0.0
382,MC935510,5,M,2019-05-28,0.0,0.0,0.0,0.0,0.0
383,MC935584,5,M,2019-05-28,1.0,1.0,1.0,1.0,1.0
384,MC936105,5,M,2019-05-28,0.0,0.0,0.0,0.0,0.0
385,MC936807,5,M,2019-05-28,1.0,1.0,1.0,1.0,1.0
386,MC936995,5,M,2019-05-28,0.0,0.0,0.0,0.0,0.0
387,MC937067,5,M,2019-05-28,1.0,1.0,1.0,1.0,1.0
388,MC937131,5,M,2019-05-28,0.0,0.0,0.0,0.0,0.0
389,MC937259,5,M,2019-05-28,0.0,0.0,0.0,0.0,0.0
390,MC937330,5,M,2019-05-28,2.0,2.0,2.0,2.0,2.0
391,MC937411,5,M,2019-05-28,0.0,0.0,0.0,0.0,0.0
392,MC937591,5,M,2019-05-28,0.0,0.0,0.0,0.0,0.0
393,MC938304,5,M,2019-05-28,0.0,0.0,0.0,1.0,0.0
394,MC938456,5,M,2019-05-28,0.0,0.0,0.0,0.0,0.0
395,MC938960,5,M,2019-05-28,1.5,1.25,1.375,1.312,1.344
396,MC938997,5,M,2019-05-28,0.0,0.0,0.0,1.0,0.0
397,MC939219,5,M,2019-05-28,1.0,1.0,1.0,1.0,1.0
398,MC939247,5,M,2019-05-28,0.0,0.0,0.0,0.0,0.0
399,MC939585,5,M,2019-05-28,3.0,3.0,3.0,3.0,3.0
400,MC961178,5,M,2019-05-28,0.0,0.0,0.0,0.0,0.0
401,MC962252,5,M,2019-05-28,0.0,0.0,0.0,0.0,0.0
402,MC962426,5,M,2019-05-28,0.0,0.0,0.0,0.0,0.0
403,MC962678,5,M,2019-05-28,0.0,0.0,0.0,0.0,0.0
404,MC962720,5,M,2019-05-28,1.0,1.0,1.0,1.0,1.0
405,MC964573,5,M,2019-05-28,0.0,0.0,0.0,0.0,0.0
406,MC966475,5,M,2019-05-28,0.0,0.0,0.0,0.0,0.0
407,MC966916,5,M,2019-05-28,1.5,1.25,1.375,1.312,1.344
408,MC967077,5,M,2019-05-28,0.0,0.0,0.0,1.0,0.0
409,MC967219,5,M,2019-05-28,1.0,0.0,0.0,0.0,0.0
410,MC968173,5,M,2019-05-28,0.0,0.0,0.0,0.0,0.0
411,MC968353,5,M,2019-05-28,0.0,0.0,0.0,0.0,0.0
412,MC973026,5,M,2019-05-28,3.0,2.5,2.75,2.625,2.688
413,MC974091,5,M,2019-05-28,1.0,0.0,0.0,0.0,0.0
414,MC974226,5,M,2019-05-28,0.0,0.0,0.0,0.0,0.0
415,MC974301,5,M,2019-05-28,2.25,1.875,2.062,1.969,2.016
416,MC974316,5,M,2019-05-28,1.0,1.0,1.0,1.0,1.0
417,MC974331,5,M,2019-05-28,0.0,0.0,0.0,0.0,0.0
418,MC974451,5,M,2019-05-28,0.75,0.625,0.688,0.656,0.672
419,MC975491,5,M,2019-05-28,0.0,0.0,0.0,0.0,0.0
420,MC975506,5,M,2019-05-28,0.0,0.0,0.0,0.0,0.0
421,MC975566,5,M,2019-05-28,1.0,1.0,1.0,1.0,1.0
422,MC975627,5,M,2019-05-28,1.0,1.0,1.0,1.0,1.0
423,MC975657,5,M,2019-05-28,0.75,0.625,0.688,0.656,0.672
424,MC975687,5,M,2019-05-28,0.0,0.0,0.0,0.0,0.0
425,MC975702,5,M,2019-05-28,0.0,0.0,0.0,0.0,0.0
426,MC975747,5,M,2019-05-28,0.0,0.0,0.0,0.0,0.0
427,MC975762,5,M,2019-05-28,0.0,0.0,0.0,0.0,0.0
428,MC975938,5,M,2019-05-28,0.0,0.0,0.0,0.0,0.0
429,MC975939,5,M,2019-05-28,1.0,0.0,0.0,0.0,0.0
430,MC975967,5,M,2019-05-28,0.0,0.0,0.0,0.0,0.0
431,MC976513,5,M,2019-05-28,0.0,0.0,0.0,0.0,0.0
432,MC976670,5,M,2019-05-28,0.0,0.0,0.0,0.0,0.0
433,MC976690,5,M,2019-05-28,1.0,0.0,0.0,0.0,0.0
434,MC978455,5,M,2019-05-28,1.0,1.0,1.0,1.0,1.0
435,MC978570,5,M,2019-05-28,10.0,9.0,8.0,9.0,9.0
436,MC979593,5,M,2019-05-28,4.0,3.0,2.0,8.0,5.0
437,MC980107,5,M,2019-05-28,0.0,0.0,0.0,0.0,0.0
438,MC983605,5,M,2019-05-28,0.0,0.0,0.0,0.0,0.0
439,MC984206,5,M,2019-05-28,0.0,0.0,0.0,0.0,0.0
440,MC992058,5,M,2019-05-28,2.0,2.0,2.0,2.0,2.0
441,MC992077,5,M,2019-05-28,1.0,1.0,1.0,1.0,1.0
442,MC992139,5,M,2019-05-28,1.0,1.0,1.0,1.0,1.0
443,MC995918,5,M,2019-05-28,3.0,3.0,3.0,3.0,3.0
444,MC995977,5,M,2019-05-28,0.0,0.0,0.0,0.0,0.0
445,MC996922,5,M,2019-05-28,0.0,0.0,0.0,0.0,0.0
446,MC996929,5,M,2019-05-28,0.0,0.0,0.0,0.0,0.0
447,MC996940,5,M,2019-05-28,0.0,0.0,1.0,0.0,0.0
448,MC996943,5,M,2019-05-28,0.0,0.0,0.0,0.0,0.0
449,MC996944,5,M,2019-05-28,0.0,0.0,0.0,0.0,0.0
450,MD000312,5,M,2019-05-28,6.0,3.0,5.0,1.0,2.0
451,MD000550,5,M,2019-05-28,3.0,3.0,3.0,3.0,3.0
452,MD008435,5,M,2019-05-28,1.5,1.25,1.375,1.312,1.344
453,MD016339,5,M,2019-05-28,1.0,0.0,0.0,0.0,0.0
454,MD020634,5,M,2019-05-28,7.0,11.0,1.0,0.0,11.0
455,MD024414,5,M,2019-05-28,4.0,4.0,4.0,4.0,4.0
456,MD050356,5,M,2019-05-28,0.0,0.0,0.0,0.0,0.0
457,MD082303,5,M,2019-05-28,0.0,0.0,1.0,0.0,0.0
458,MD107297,5,M,2019-05-28,0.0,0.0,0.0,0.0,0.0
459,MD128435,5,M,2019-05-28,1.0,0.0,0.0,0.0,0.0
460,MD141302,5,M,2019-05-28,0.0,0.0,0.0,0.0,0.0
461,MD188501,5,M,2019-05-28,0.0,0.0,0.0,0.0,0.0
462,MD194136,5,M,2019-05-28,0.0,0.0,0.0,0.0,0.0
463,MD197078,5,M,2019-05-28,3.75,3.125,3.438,3.281,3.359
464,MD304959,5,M,2019-05-28,5.0,5.0,5.0,5.0,5.0
465,MD309455,5,M,2019-05-28,0.0,0.0,0.0,1.0,0.0
466,MD310415,5,M,2019-05-28,0.0,0.0,0.0,0.0,0.0
467,MD363481,5,M,2019-05-28,0.0,0.0,0.0,0.0,0.0
468,MD700670,5,M,2019-05-28,0.0,0.0,0.0,0.0,0.0
469,MD722551,5,M,2019-05-28,0.0,1.0,1.0,1.0,1.0
470,MD723202,5,M,2019-05-28,1.5,1.25,1.375,1.312,1.344
471,MD973157,5,M,2019-05-28,0.0,0.0,0.0,0.0,0.0
472,ME001454,5,M,2019-05-28,1.0,0.0,0.0,0.0,0.0
473,ME014387,5,M,2019-05-28,8.0,3.0,2.0,10.0,6.0
474,ME017116,5,M,2019-05-28,26.0,17.0,32.0,24.0,15.0
475,ME030870,5,M,2019-05-28,0.0,0.0,0.0,0.0,0.0
476,ME031024,5,M,2019-05-28,1.0,0.0,0.0,0.0,0.0
477,ME035702,5,M,2019-05-28,0.0,0.0,0.0,0.0,0.0
478,ME035717,5,M,2019-05-28,0.0,0.0,0.0,0.0,0.0
479,ME038015,5,M,2019-05-28,0.0,1.0,0.0,0.0,0.0
480,ME072152,5,M,2019-05-28,2.0,0.0,2.0,0.0,2.0
481,ME076793,5,M,2019-05-28,0.0,0.0,0.0,0.0,0.0
482,ME077932,5,M,2019-05-28,0.0,0.0,0.0,1.0,0.0
483,ME078871,5,M,2019-05-28,0.0,0.0,0.0,0.0,1.0
484,ME080700,5,M,2019-05-28,0.0,0.0,0.0,0.0,0.0
485,ME088828,5,M,2019-05-28,0.0,0.0,0.0,0.0,0.0
486,ME088829,5,M,2019-05-28,1.0,1.0,1.0,1.0,1.0
487,ME088831,5,M,2019-05-28,3.0,3.0,3.0,3.0,3.0
488,ME090394,5,M,2019-05-28,0.0,0.0,0.0,0.0,0.0
489,ME132640,5,M,2019-05-28,1.0,0.0,0.0,0.0,0.0
490,ME132642,5,M,2019-05-28,1.0,0.0,0.0,0.0,0.0
491,ME180483,5,M,2019-05-28,0.0,0.0,0.0,0.0,0.0
492,ME180677,5,M,2019-05-28,2.0,2.0,2.0,2.0,2.0
493,ME192231,5,M,2019-05-28,304.0,466.0,414.0,427.0,420.0
494,ME192377,5,M,2019-05-28,0.0,83.0,0.0,0.0,0.0
495,ME192935,5,M,2019-05-28,27.0,27.0,31.0,23.0,22.0
496,ME193533,5,M,2019-05-28,7.0,63.0,1.0,5.0,9.0
497,ME195315,5,M,2019-05-28,9.0,39.0,14.0,12.0,12.0
498,ME195316,5,M,2019-05-28,14.0,37.0,17.0,18.0,13.0
499,ME201316,5,M,2019-05-28,2.0,2.0,2.0,2.0,2.0
500,ME201639,5,M,2019-05-28,0.0,0.0,13.0,5.0,5.0
501,ME203223,5,M,2019-05-28,0.0,0.0,0.0,0.0,0.0
502,ME203278,5,M,2019-05-28,0.0,5.0,5.0,0.0,0.0
503,ME210059,5,M,2019-05-28,135.0,201.0,128.0,122.0,147.0
504,ME223469,5,M,2019-05-28,3.0,3.0,3.0,3.0,3.0
505,ME223704,5,M,2019-05-28,0.0,0.0,0.0,0.0,0.0
506,ME223709,5,M,2019-05-28,0.0,0.0,0.0,0.0,0.0
507,ME225083,5,M,2019-05-28,9.0,7.0,7.0,5.0,10.0
508,ME229329,5,M,2019-05-28,0.0,0.0,0.0,0.0,0.0
509,ME229868,5,M,2019-05-28,0.0,0.0,0.0,0.0,0.0
510,ME230153,5,M,2019-05-28,0.0,0.0,0.0,0.0,0.0
511,ME230746,5,M,2019-05-28,9.0,10.0,10.0,10.0,10.0
512,ME230967,5,M,2019-05-28,0.0,0.0,0.0,0.0,0.0
513,ME231082,5,M,2019-05-28,1.5,1.25,1.375,1.312,1.344
514,ME231657,5,M,2019-05-28,0.0,0.0,0.0,0.0,0.0
515,ME231722,5,M,2019-05-28,1.0,0.0,0.0,0.0,0.0
516,ME231723,5,M,2019-05-28,0.0,0.0,0.0,0.0,0.0
517,ME231729,5,M,2019-05-28,0.0,0.0,0.0,0.0,0.0
518,ME240291,5,M,2019-05-28,0.0,0.0,0.0,0.0,0.0
519,ME280241,5,M,2019-05-28,2.0,2.0,9.0,9.0,2.0
520,ME285275,5,M,2019-05-28,0.0,0.0,0.0,0.0,0.0
521,ME291104,5,M,2019-05-28,0.0,0.0,0.0,0.0,0.0
522,ME298260,5,M,2019-05-28,41.0,42.0,43.0,44.0,45.0
523,ME299411,5,M,2019-05-28,0.0,0.0,1.0,0.0,0.0
524,ME299702,5,M,2019-05-28,0.0,0.0,1.0,0.0,0.0
525,ME299703,5,M,2019-05-28,0.0,0.0,1.0,0.0,0.0
526,ME300877,5,M,2019-05-28,13.0,5.0,10.0,10.0,10.0
527,ME302104,5,M,2019-05-28,1.0,0.0,0.0,0.0,0.0
528,ME302292,5,M,2019-05-28,4.0,6.0,2.0,2.0,4.0
529,ME303103,5,M,2019-05-28,1.0,0.0,0.0,0.0,0.0
530,ME306341,5,M,2019-05-28,4.0,4.0,4.0,4.0,4.0
531,ME306723,5,M,2019-05-28,3.0,6.0,1.0,1.0,1.0
532,ME307269,5,M,2019-05-28,0.0,0.0,0.0,0.0,0.0
533,ME309207,5,M,2019-05-28,0.75,0.625,0.688,0.656,0.672
534,ME309670,5,M,2019-05-28,0.0,0.0,0.0,0.0,0.0
535,ME309690,5,M,2019-05-28,0.0,0.0,0.0,0.0,0.0
536,ME352797,5,M,2019-05-28,17.0,11.0,12.0,6.0,6.0
537,ME356449,5,M,2019-05-28,0.0,0.0,0.0,0.0,0.0
538,ME356701,5,M,2019-05-28,96.0,123.0,134.0,118.0,125.0
539,ME356753,5,M,2019-05-28,0.0,0.0,0.0,0.0,0.0
540,ME360933,5,M,2019-05-28,0.0,0.0,0.0,0.0,0.0
541,ME400090,5,M,2019-05-28,6.0,5.0,4.0,3.0,6.0
542,ME400622,5,M,2019-05-28,1.5,1.25,1.375,1.312,1.344
543,ME406901,5,M,2019-05-28,0.0,0.0,0.0,0.0,0.0
544,ME408631,5,M,2019-05-28,0.0,1.0,0.0,0.0,0.0
545,ME410349,5,M,2019-05-28,1.0,1.0,1.0,1.0,1.0
546,ME410498,5,M,2019-05-28,13.0,12.0,12.0,14.0,14.0
547,ME412877,5,M,2019-05-28,120.0,111.0,95.0,123.0,230.0
548,ME418060,5,M,2019-05-28,0.0,0.0,0.0,1.0,0.0
549,ME422991,5,M,2019-05-28,0.0,0.0,0.0,0.0,0.0
550,ME423296,5,M,2019-05-28,1.0,1.0,1.0,1.0,1.0
551,ME423354,5,M,2019-05-28,3.0,4.0,7.0,2.0,4.0
552,ME423377,5,M,2019-05-28,1.0,1.0,1.0,1.0,1.0
553,ME444120,5,M,2019-05-28,1.0,1.0,1.0,1.0,1.0
554,ME444207,5,M,2019-05-28,0.0,0.0,0.0,0.0,0.0
555,ME444280,5,M,2019-05-28,0.0,0.0,0.0,1.0,0.0
556,ME445494,5,M,2019-05-28,0.0,0.0,0.0,0.0,0.0
557,ME470246,5,M,2019-05-28,3.75,3.125,3.438,3.281,3.359
558,ME502865,5,M,2019-05-28,4.0,14.0,7.0,3.0,11.0
559,ME504210,5,M,2019-05-28,0.0,1.0,1.0,1.0,1.0
560,ME505061,5,M,2019-05-28,1.5,1.25,1.375,1.312,1.344
561,ME505813,5,M,2019-05-28,1.0,0.0,0.0,0.0,0.0
562,ME506667,5,M,2019-05-28,0.0,0.0,0.0,1.0,0.0
563,ME508152,5,M,2019-05-28,0.75,0.625,0.688,0.656,0.672
564,ME510965,5,M,2019-05-28,0.0,0.0,0.0,0.0,0.0
565,ME511493,5,M,2019-05-28,0.0,0.0,0.0,0.0,0.0
566,ME515168,5,M,2019-05-28,21.0,32.0,12.0,7.0,4.0
567,ME515669,5,M,2019-05-28,0.0,0.0,0.0,0.0,0.0
568,ME517217,5,M,2019-05-28,93.0,110.0,188.0,89.0,149.0
569,ME517417,5,M,2019-05-28,1.0,1.0,1.0,1.0,1.0
570,ME518748,5,M,2019-05-28,1.5,1.25,1.375,1.312,1.344
571,ME523102,5,M,2019-05-28,10.0,12.0,10.0,11.0,10.0
572,ME523232,5,M,2019-05-28,11.0,10.0,5.0,10.0,14.0
573,ME530402,5,M,2019-05-28,1.0,2.0,1.0,1.0,1.0
574,ME530972,5,M,2019-05-28,0.0,0.0,0.0,0.0,0.0
575,ME531272,5,M,2019-05-28,0.0,0.0,0.0,0.0,0.0
576,ME532024,5,M,2019-05-28,0.0,0.0,0.0,0.0,0.0
577,ME532126,5,M,2019-05-28,0.0,0.0,0.0,0.0,0.0
578,ME533868,5,M,2019-05-28,1.0,0.0,0.0,0.0,0.0
579,ME538282,5,M,2019-05-28,4.0,7.0,7.0,4.0,8.0
580,ME553688,5,M,2019-05-28,0.0,0.0,0.0,0.0,0.0
581,ME554569,5,M,2019-05-28,0.0,336.0,74.0,0.0,0.0
582,ME554656,5,M,2019-05-28,4.0,5.0,4.0,4.0,3.0
583,ME558418,5,M,2019-05-28,1.0,1.0,1.0,1.0,1.0
584,ME559223,5,M,2019-05-28,1.5,1.25,1.375,1.312,1.344
585,ME559281,5,M,2019-05-28,0.75,0.625,0.688,0.656,0.672
586,ME601823,5,M,2019-05-28,10.0,10.0,4.0,17.0,18.0
587,ME604096,5,M,2019-05-28,3.0,3.0,3.0,3.0,3.0
588,ME610828,5,M,2019-05-28,1.0,1.0,1.0,1.0,1.0
589,ME626009,5,M,2019-05-28,13.0,12.0,5.0,11.0,7.0
590,ME633961,5,M,2019-05-28,0.0,0.0,0.0,0.0,0.0
591,ME637990,5,M,2019-05-28,1.0,1.0,1.0,1.0,1.0
592,ME642718,5,M,2019-05-28,27.0,23.0,20.0,20.0,31.0
593,ME661488,5,M,2019-05-28,0.0,0.0,0.0,0.0,0.0
594,ME661489,5,M,2019-05-28,0.0,0.0,0.0,0.0,0.0
595,ME662846,5,M,2019-05-28,1.0,1.0,1.0,1.0,1.0
596,ME664303,5,M,2019-05-28,0.0,0.0,0.0,0.0,0.0
597,ME669673,5,M,2019-05-28,1.0,1.0,1.0,1.0,1.0
598,ME674879,5,M,2019-05-28,0.0,0.0,0.0,0.0,0.0
599,ME675029,5,M,2019-05-28,1.0,1.0,1.0,1.0,1.0
600,ME677140,5,M,2019-05-28,1.0,1.0,1.0,1.0,1.0
601,ME679007,5,M,2019-05-28,3.0,3.0,3.0,3.0,3.0
602,ME679321,5,M,2019-05-28,0.0,0.0,0.0,0.0,0.0
603,ME680074,5,M,2019-05-28,1.0,1.0,1.0,1.0,1.0
604,ME690633,5,M,2019-05-28,2.0,2.0,2.0,2.0,2.0
605,ME697720,5,M,2019-05-28,1.0,1.0,1.0,1.0,1.0
606,ME701103,5,M,2019-05-28,1.0,0.0,0.0,0.0,0.0
607,ME701330,5,M,2019-05-28,0.0,0.0,1.0,0.0,0.0
608,ME701596,5,M,2019-05-28,1.0,0.0,0.0,0.0,0.0
609,ME705063,5,M,2019-05-28,4.0,4.0,4.0,4.0,4.0
610,ME707911,5,M,2019-05-28,0.0,0.0,0.0,0.0,0.0
611,ME713004,5,M,2019-05-28,1.0,1.0,1.0,1.0,1.0
612,ME713010,5,M,2019-05-28,5.0,5.0,5.0,5.0,5.0
613,ME713020,5,M,2019-05-28,0.0,0.0,0.0,0.0,0.0
614,ME713149,5,M,2019-05-28,2.0,2.0,2.0,2.0,2.0
615,ME713174,5,M,2019-05-28,0.0,1.0,1.0,1.0,1.0
616,ME716365,5,M,2019-05-28,1.0,1.0,1.0,1.0,1.0
617,ME720332,5,M,2019-05-28,1.0,1.0,1.0,1.0,1.0
618,ME730594,5,M,2019-05-28,1.5,1.75,1.625,1.688,1.656
619,ME733644,5,M,2019-05-28,3.0,2.5,2.75,2.625,2.688
620,ME733702,5,M,2019-05-28,1.0,1.0,1.0,1.0,1.0
621,ME737201,5,M,2019-05-28,4.0,4.0,4.0,4.0,4.0
622,ME737203,5,M,2019-05-28,1.5,1.25,1.375,1.312,1.344
623,ME743156,5,M,2019-05-28,0.0,0.0,0.0,0.0,0.0
624,ME743981,5,M,2019-05-28,0.0,0.0,0.0,0.0,0.0
625,ME747554,5,M,2019-05-28,1.0,2.0,2.0,2.0,2.0
626,ME753089,5,M,2019-05-28,1.0,1.0,1.0,1.0,1.0
627,ME753348,5,M,2019-05-28,3.0,2.5,2.75,2.625,2.688
628,ME753544,5,M,2019-05-28,0.0,0.0,0.0,0.0,0.0
629,ME753545,5,M,2019-05-28,44.0,32.0,15.0,44.0,32.0
630,ME754399,5,M,2019-05-28,0.0,0.0,0.0,1.0,0.0
631,ME754428,5,M,2019-05-28,1.0,1.0,1.0,1.0,1.0
632,ME756385,5,M,2019-05-28,7.0,12.0,10.0,10.0,15.0
633,ME765001,5,M,2019-05-28,1.0,0.0,0.0,0.0,0.0
634,ME765002,5,M,2019-05-28,1.0,0.0,0.0,0.0,0.0
635,ME778044,5,M,2019-05-28,1.0,0.0,0.0,0.0,0.0
636,ME778131,5,M,2019-05-28,0.0,0.0,0.0,0.0,0.0
637,ME778306,5,M,2019-05-28,1.0,1.0,1.0,1.0,1.0
638,ME910348,5,M,2019-05-28,1.5,1.25,1.375,1.312,1.344
639,ME910445,5,M,2019-05-28,1.5,1.25,1.375,1.312,1.344
640,ME991425,5,M,2019-05-28,0.0,0.0,0.0,0.0,0.0
641,ME993779,5,M,2019-05-28,0.0,0.0,0.0,0.0,0.0
642,ME994283,5,M,2019-05-28,0.0,0.0,0.0,0.0,2.0
643,ME994782,5,M,2019-05-28,0.0,0.0,0.0,0.0,0.0
644,ME994871,5,M,2019-05-28,0.75,0.625,0.688,0.656,0.672
645,ME995445,5,M,2019-05-28,2.25,1.875,2.062,1.969,2.016
646,ME996467,5,M,2019-05-28,5.0,5.0,5.0,5.0,5.0
647,ME999556,5,M,2019-05-28,0.0,0.0,0.0,0.0,1.0
648,MF104831,5,M,2019-05-28,0.0,0.0,0.0,0.0,0.0
649,MF104871,5,M,2019-05-28,0.0,0.0,0.0,0.0,0.0
650,MF140212,5,M,2019-05-28,0.0,0.0,0.0,0.0,0.0
651,MF140215,5,M,2019-05-28,107.0,134.0,79.0,183.0,153.0
652,MF140468,5,M,2019-05-28,1.0,0.0,0.0,0.0,0.0
653,MF140475,5,M,2019-05-28,0.0,0.0,0.0,0.0,0.0
654,MF195024,5,M,2019-05-28,0.0,0.0,0.0,0.0,0.0
655,MF201572,5,M,2019-05-28,0.0,0.0,0.0,0.0,0.0
656,MF205026,5,M,2019-05-28,5.0,5.0,5.0,5.0,5.0
657,MF240029,5,M,2019-05-28,0.0,0.0,0.0,0.0,0.0
658,MF243624,5,M,2019-05-28,5.0,9.0,19.0,30.0,19.0
659,MF406288,5,M,2019-05-28,0.0,0.0,0.0,0.0,0.0
660,MF407023,5,M,2019-05-28,1.5,1.25,1.375,1.312,1.344
661,MF450104,5,M,2019-05-28,0.0,0.0,0.0,0.0,0.0
662,MF450405,5,M,2019-05-28,46.0,83.0,75.0,66.0,73.0
663,MF455017,5,M,2019-05-28,4.0,4.0,4.0,4.0,4.0
664,MF455035,5,M,2019-05-28,4.0,4.0,4.0,4.0,4.0
665,MF455136,5,M,2019-05-28,0.0,0.0,0.0,0.0,0.0
666,MF472535,5,M,2019-05-28,0.0,0.0,0.0,0.0,0.0
667,MF472597,5,M,2019-05-28,0.0,0.0,0.0,0.0,0.0
668,MF472955,5,M,2019-05-28,3.75,3.125,3.438,3.281,3.359
669,MF473048,5,M,2019-05-28,0.0,0.0,0.0,0.0,0.0
670,MF473053,5,M,2019-05-28,0.0,0.0,0.0,0.0,0.0
671,MF473932,5,M,2019-05-28,0.0,0.0,0.0,0.0,1.0
672,MF522024,5,M,2019-05-28,0.0,0.0,0.0,0.0,0.0
673,MF522037,5,M,2019-05-28,0.0,0.0,0.0,0.0,0.0
674,MF650116,5,M,2019-05-28,0.0,0.0,0.0,0.0,0.0
675,MF660039,5,M,2019-05-28,0.0,0.0,0.0,0.0,0.0
676,MF661018,5,M,2019-05-28,0.0,0.0,0.0,0.0,0.0
677,MF661030,5,M,2019-05-28,3.0,3.0,3.0,3.0,3.0
678,MF661035,5,M,2019-05-28,0.0,0.0,0.0,0.0,0.0
679,MF661039,5,M,2019-05-28,0.0,0.0,0.0,0.0,0.0
680,MF665538,5,M,2019-05-28,17.0,35.0,15.0,18.0,17.0
681,MH000345,5,M,2019-05-28,6.0,0.0,8.0,2.0,1.0
682,MH000389,5,M,2019-05-28,256.0,259.0,141.0,66.0,83.0
683,MH000517,5,M,2019-05-28,0.0,0.0,0.0,0.0,0.0
684,MH000537,5,M,2019-05-28,0.0,0.0,0.0,0.0,0.0
685,MH000639,5,M,2019-05-28,3.0,2.5,2.75,2.625,2.688
686,MH000738,5,M,2019-05-28,0.0,0.0,0.0,0.0,0.0
687,MH000823,5,M,2019-05-28,0.0,1.0,1.0,1.0,1.0
688,MH001320,5,M,2019-05-28,0.0,0.0,0.0,0.0,0.0
689,MH001548,5,M,2019-05-28,0.0,0.0,0.0,0.0,0.0
690,MH002178,5,M,2019-05-28,8.0,17.0,23.0,27.0,18.0
691,MH002676,5,M,2019-05-28,0.0,0.0,0.0,0.0,0.0
692,MH002716,5,M,2019-05-28,115.0,22.0,27.0,28.0,20.0
693,MH002724,5,M,2019-05-28,0.0,0.0,0.0,0.0,0.0
694,MH002727,5,M,2019-05-28,0.0,0.0,0.0,0.0,0.0
695,MH002728,5,M,2019-05-28,0.0,0.0,0.0,0.0,0.0
696,MH004069,5,M,2019-05-28,0.0,0.0,0.0,0.0,0.0
697,MH005091,5,M,2019-05-28,0.0,0.0,0.0,0.0,0.0
698,MH014052,5,M,2019-05-28,0.0,0.0,0.0,0.0,0.0
699,MH014449,5,M,2019-05-28,0.0,0.0,0.0,0.0,0.0
700,MH020358,5,M,2019-05-28,0.0,0.0,1.0,0.0,0.0
701,MH020379,5,M,2019-05-28,0.0,0.0,0.0,0.0,0.0
702,MH020389,5,M,2019-05-28,2.0,2.0,2.0,2.0,2.0
703,MH020967,5,M,2019-05-28,1.0,0.0,0.0,0.0,0.0
704,MH021218,5,M,2019-05-28,12.0,7.0,7.0,5.0,13.0
705,MH021277,5,M,2019-05-28,33.0,23.0,9.0,23.0,26.0
706,MH022520,5,M,2019-05-28,8.0,23.0,40.0,20.0,21.0
707,MH022651,5,M,2019-05-28,0.0,0.0,0.0,0.0,0.0
708,MH023424,5,M,2019-05-28,0.0,0.0,0.0,0.0,0.0
709,MH023502,5,M,2019-05-28,0.0,0.0,0.0,0.0,0.0
710,MH023700,5,M,2019-05-28,0.0,0.0,0.0,0.0,0.0
711,MH024214,5,M,2019-05-28,0.0,0.0,0.0,0.0,0.0
712,MH024348,5,M,2019-05-28,2.0,2.0,2.0,2.0,2.0
713,MH024928,5,M,2019-05-28,0.0,0.0,0.0,0.0,0.0
714,MH024931,5,M,2019-05-28,0.0,0.0,0.0,0.0,1.0
715,MH024949,5,M,2019-05-28,0.0,0.0,0.0,0.0,0.0
716,MH025114,5,M,2019-05-28,1.0,1.0,1.0,1.0,1.0
717,MH030240,5,M,2019-05-28,3.0,3.0,3.0,3.0,3.0
718,MH030413,5,M,2019-05-28,0.0,1.0,1.0,1.0,1.0
719,MH030828,5,M,2019-05-28,2.0,2.0,2.0,2.0,2.0
720,MH031205,5,M,2019-05-28,0.0,0.0,0.0,0.0,0.0
721,MH031281,5,M,2019-05-28,0.0,0.0,0.0,0.0,0.0
722,MH031379,5,M,2019-05-28,0.0,0.0,0.0,0.0,0.0
723,MH031594,5,M,2019-05-28,0.0,0.0,0.0,0.0,0.0
724,MH031638,5,M,2019-05-28,0.0,0.0,0.0,0.0,0.0
725,MH031640,5,M,2019-05-28,0.0,0.0,0.0,0.0,0.0
726,MH031690,5,M,2019-05-28,0.0,0.0,0.0,0.0,0.0
727,MH031783,5,M,2019-05-28,0.0,0.0,1.0,0.0,0.0
728,MH031946,5,M,2019-05-28,0.75,0.625,0.688,0.656,0.672
729,MH032058,5,M,2019-05-28,0.0,0.0,0.0,0.0,0.0
730,MH033216,5,M,2019-05-28,0.0,0.0,0.0,0.0,0.0
731,MH033290,5,M,2019-05-28,0.0,0.0,0.0,0.0,0.0
732,MH033798,5,M,2019-05-28,0.0,0.0,0.0,0.0,0.0
733,MH033880,5,M,2019-05-28,1.5,1.25,1.375,1.312,1.344
734,MH034184,5,M,2019-05-28,0.0,0.0,0.0,0.0,0.0
735,MH034228,5,M,2019-05-28,7.0,7.0,6.0,5.0,9.0
736,MH034261,5,M,2019-05-28,0.0,0.0,0.0,0.0,0.0
737,MH035221,5,M,2019-05-28,2.0,2.0,2.0,2.0,2.0
738,MH035541,5,M,2019-05-28,0.0,0.0,0.0,0.0,0.0
739,MH035557,5,M,2019-05-28,0.0,0.0,0.0,0.0,0.0
740,MH037224,5,M,2019-05-28,2.0,2.0,2.0,2.0,2.0
741,MH038108,5,M,2019-05-28,0.0,0.0,0.0,0.0,0.0
742,MH038126,5,M,2019-05-28,0.0,0.0,0.0,0.0,0.0
743,MH038166,5,M,2019-05-28,0.0,0.0,0.0,0.0,0.0
744,MH038365,5,M,2019-05-28,4.0,4.0,4.0,4.0,4.0
745,MH038713,5,M,2019-05-28,0.0,0.0,0.0,0.0,0.0
746,MH038751,5,M,2019-05-28,0.0,0.0,0.0,0.0,0.0
747,MH039050,5,M,2019-05-28,0.0,0.0,0.0,0.0,0.0
748,MH039064,5,M,2019-05-28,0.75,0.625,0.688,0.656,0.672
749,MH040025,5,M,2019-05-28,1.5,1.25,1.375,1.312,1.344
750,MH040063,5,M,2019-05-28,1.0,0.0,0.0,0.0,0.0
751,MH040068,5,M,2019-05-28,3.0,5.0,9.0,5.0,14.0
752,MH040097,5,M,2019-05-28,0.0,0.0,0.0,0.0,0.0
753,MH040161,5,M,2019-05-28,30.0,0.0,0.0,0.0,0.0
754,MH042083,5,M,2019-05-28,0.0,0.0,0.0,2.0,0.0
755,MH042118,5,M,2019-05-28,0.0,1.0,1.0,1.0,1.0
756,MH043082,5,M,2019-05-28,10.0,5.0,8.0,8.0,7.0
757,MH043108,5,M,2019-05-28,0.0,0.0,0.0,1.0,0.0
758,MH044121,5,M,2019-05-28,0.0,0.0,0.0,0.0,0.0
759,MH050190,5,M,2019-05-28,0.0,0.0,0.0,0.0,0.0
760,MH050191,5,M,2019-05-28,0.0,0.0,0.0,0.0,0.0
761,MH050198,5,M,2019-05-28,0.0,0.0,0.0,0.0,0.0
762,MH050204,5,M,2019-05-28,0.0,0.0,0.0,0.0,0.0
763,MH050205,5,M,2019-05-28,0.0,0.0,0.0,0.0,0.0
764,MH050277,5,M,2019-05-28,0.0,0.0,0.0,0.0,0.0
765,MH053015,5,M,2019-05-28,1.0,1.0,1.0,1.0,1.0
766,MH054349,5,M,2019-05-28,0.0,0.0,0.0,0.0,0.0
767,MH058014,5,M,2019-05-28,1.0,0.0,0.0,0.0,0.0
768,MH059348,5,M,2019-05-28,5.0,5.0,5.0,5.0,5.0
769,MH059350,5,M,2019-05-28,5.0,5.0,5.0,5.0,5.0
770,MH059354,5,M,2019-05-28,5.0,5.0,5.0,5.0,5.0
771,MH059359,5,M,2019-05-28,5.0,5.0,5.0,5.0,5.0
772,MH059615,5,M,2019-05-28,5.0,5.0,5.0,5.0,5.0
773,MH059617,5,M,2019-05-28,5.0,5.0,5.0,5.0,5.0
774,MH059618,5,M,2019-05-28,5.0,5.0,5.0,5.0,5.0
775,MH059620,5,M,2019-05-28,5.0,5.0,5.0,5.0,5.0
776,MH059903,5,M,2019-05-28,3.0,3.0,3.0,3.0,3.0
777,MH061037,5,M,2019-05-28,0.0,0.0,0.0,0.0,0.0
778,MH061746,5,M,2019-05-28,0.0,0.0,0.0,0.0,0.0
779,MH061974,5,M,2019-05-28,0.0,0.0,0.0,0.0,0.0
780,MH062201,5,M,2019-05-28,0.0,0.0,0.0,0.0,0.0
781,MH062204,5,M,2019-05-28,0.0,0.0,0.0,0.0,0.0
782,MH062976,5,M,2019-05-28,0.0,0.0,0.0,0.0,0.0
783,MH062977,5,M,2019-05-28,0.0,0.0,0.0,0.0,0.0
784,MH064100,5,M,2019-05-28,2.0,2.0,2.0,2.0,2.0
785,MH064190,5,M,2019-05-28,2.0,2.0,2.0,2.0,2.0
786,MH064239,5,M,2019-05-28,2.0,2.0,2.0,2.0,2.0
787,MH064240,5,M,2019-05-28,2.0,2.0,2.0,2.0,2.0
788,MH064248,5,M,2019-05-28,2.0,2.0,2.0,2.0,2.0
789,MH064253,5,M,2019-05-28,0.0,0.0,0.0,0.0,0.0
790,MH064641,5,M,2019-05-28,2.0,2.0,2.0,2.0,2.0
791,MH064698,5,M,2019-05-28,1.0,1.0,8.0,16.0,2.0
792,MH064920,5,M,2019-05-28,2.0,2.0,2.0,2.0,2.0
793,MH096003,5,M,2019-05-28,5.0,5.0,5.0,5.0,5.0
794,MH096005,5,M,2019-05-28,5.0,5.0,5.0,5.0,5.0
795,MH096016,5,M,2019-05-28,5.0,5.0,5.0,5.0,5.0
796,MH096018,5,M,2019-05-28,5.0,5.0,5.0,5.0,5.0
797,MH096023,5,M,2019-05-28,5.0,5.0,5.0,5.0,5.0
798,MK249931,5,M,2019-05-28,0.0,0.0,0.0,0.0,0.0
799,MK297269,5,M,2019-05-28,3.0,3.0,3.0,3.0,3.0
800,MK297284,5,M,2019-05-28,66.0,88.0,37.0,66.0,88.0
801,MK300706,5,M,2019-05-28,0.0,0.0,0.0,0.0,0.0
802,MK309742,5,M,2019-05-28,0.0,0.0,0.0,0.0,0.0
803,MK319089,5,M,2019-05-28,0.0,0.0,0.0,0.0,0.0
804,MK322121,5,M,2019-05-28,1.0,0.0,0.0,0.0,0.0
805,MK322261,5,M,2019-05-28,1.0,1.0,1.0,1.0,1.0
806,MK322826,5,M,2019-05-28,194.0,43.0,4.0,9.0,2.0
807,MK322863,5,M,2019-05-28,6.0,7.0,10.0,6.0,7.0
808,MK322984,5,M,2019-05-28,0.0,0.0,0.0,0.0,0.0
809,MK324111,5,M,2019-05-28,0.0,0.0,0.0,0.0,0.0
810,MK324117,5,M,2019-05-28,0.0,0.0,0.0,0.0,0.0
811,MK324354,5,M,2019-05-28,0.0,0.0,0.0,0.0,0.0
812,MK326983,5,M,2019-05-28,21.0,26.0,17.0,35.0,58.0
813,MK330821,5,M,2019-05-28,0.0,0.0,0.0,0.0,1.0
814,MK330823,5,M,2019-05-28,1.5,1.25,1.375,1.312,1.344
815,MK347721,5,M,2019-05-28,0.0,0.0,0.0,0.0,0.0
816,MK351969,5,M,2019-05-28,1.0,0.0,0.0,0.0,0.0
817,MK355287,5,M,2019-05-28,1.0,1.0,1.0,1.0,1.0
818,MK359015,5,M,2019-05-28,2.25,1.875,2.062,1.969,2.016
819,MK369270,5,M,2019-05-28,0.0,0.0,0.0,0.0,0.0
820,MK371196,5,M,2019-05-28,0.0,1.0,0.0,0.0,0.0
821,MK371197,5,M,2019-05-28,0.0,0.0,1.0,0.0,0.0
822,MK371364,5,M,2019-05-28,0.75,0.625,0.688,0.656,0.672
823,MK371366,5,M,2019-05-28,0.0,1.0,1.0,1.0,1.0
824,MK377433,5,M,2019-05-28,0.0,0.0,0.0,0.0,0.0
825,MK378540,5,M,2019-05-28,0.0,0.0,0.0,0.0,0.0
826,MK378618,5,M,2019-05-28,1.0,1.0,1.0,1.0,1.0
827,MK378784,5,M,2019-05-28,0.0,1.0,1.0,1.0,1.0
828,MK378981,5,M,2019-05-28,1.0,0.0,0.0,0.0,0.0
829,MK381896,5,M,2019-05-28,9.0,13.0,14.0,19.0,16.0
830,MK383791,5,M,2019-05-28,0.0,0.0,0.0,0.0,0.0
831,MK384447,5,M,2019-05-28,1.0,1.0,1.0,1.0,1.0
832,MK386160,5,M,2019-05-28,0.0,0.0,0.0,0.0,0.0
833,MK387353,5,M,2019-05-28,0.0,0.0,0.0,0.0,0.0
834,MK389862,5,M,2019-05-28,3.0,3.0,3.0,3.0,3.0
835,MK394060,5,M,2019-05-28,1.0,1.0,1.0,1.0,1.0
836,MK402594,5,M,2019-05-28,5.0,5.0,5.0,5.0,5.0
837,MK403691,5,M,2019-05-28,7.0,10.0,9.0,9.0,9.0
838,MK404147,5,M,2019-05-28,0.0,0.0,0.0,0.0,0.0
839,MK405100,5,M,2019-05-28,0.0,0.0,0.0,0.0,0.0
840,MK405106,5,M,2019-05-28,1.0,0.0,1.0,0.0,1.0
841,MK405953,5,M,2019-05-28,0.0,0.0,0.0,0.0,0.0
842,MK420221,5,M,2019-05-28,0.0,0.0,0.0,0.0,0.0
843,MK420240,5,M,2019-05-28,0.0,0.0,0.0,0.0,0.0
844,MK421303,5,M,2019-05-28,3.0,10.0,4.0,6.0,13.0
845,MK421731,5,M,2019-05-28,0.0,0.0,0.0,0.0,0.0
846,MK426708,5,M,2019-05-28,3.0,3.0,3.0,3.0,3.0
847,MK428083,5,M,2019-05-28,7.0,5.0,5.0,6.0,5.0
848,MK429359,5,M,2019-05-28,1.0,1.0,1.0,1.0,1.0
849,MK432439,5,M,2019-05-28,0.0,0.0,0.0,0.0,0.0
850,MK433092,5,M,2019-05-28,1.0,0.0,0.0,0.0,0.0
851,MK433258,5,M,2019-05-28,1.0,0.0,0.0,0.0,0.0
852,MK435891,5,M,2019-05-28,3.75,3.125,3.438,3.281,3.359
853,MK455680,5,M,2019-05-28,0.0,0.0,0.0,0.0,0.0
854,MK455860,5,M,2019-05-28,0.0,0.0,0.0,0.0,0.0
855,MK455861,5,M,2019-05-28,0.0,0.0,0.0,0.0,0.0
856,MK460178,5,M,2019-05-28,0.0,0.0,0.0,0.0,2.0
857,MK464215,5,M,2019-05-28,0.0,0.0,0.0,0.0,0.0
858,MK470272,5,M,2019-05-28,1.0,0.0,0.0,0.0,0.0
859,MK470603,5,M,2019-05-28,1.0,1.0,1.0,1.0,1.0
860,MK470831,5,M,2019-05-28,0.0,0.0,0.0,0.0,0.0
861,MK470990,5,M,2019-05-28,2.25,1.875,2.062,1.969,2.016
862,MK471068,5,M,2019-05-28,3.0,5.0,6.0,29.0,16.0
863,MK471806,5,M,2019-05-28,0.0,0.0,0.0,0.0,0.0
864,MK471807,5,M,2019-05-28,0.0,0.0,0.0,0.0,0.0
865,MK474870,5,M,2019-05-28,0.0,0.0,0.0,0.0,0.0
866,MK482463,5,M,2019-05-28,44.0,34.0,46.0,54.0,71.0
867,MK483186,5,M,2019-05-28,0.0,0.0,0.0,0.0,0.0
868,MK485418,5,M,2019-05-28,0.0,0.0,0.0,1.0,0.0
869,MK485699,5,M,2019-05-28,17.0,24.0,20.0,22.0,26.0
870,MK488389,5,M,2019-05-28,7.0,5.0,4.0,3.0,6.0
871,MK488399,5,M,2019-05-28,0.0,0.0,0.0,0.0,0.0
872,MK490851,5,M,2019-05-28,1.0,1.0,1.0,1.0,1.0
873,MK490852,5,M,2019-05-28,1.0,1.0,1.0,1.0,1.0
874,MK493396,5,M,2019-05-28,0.0,0.0,0.0,0.0,1.0
875,MK502174,5,M,2019-05-28,0.0,0.0,0.0,0.0,0.0
876,MK510344,5,M,2019-05-28,0.0,0.0,0.0,0.0,0.0
877,MK512477,5,M,2019-05-28,0.0,0.0,0.0,0.0,0.0
878,MK512581,5,M,2019-05-28,0.0,0.0,0.0,0.0,0.0
879,MK512928,5,M,2019-05-28,1.0,1.0,1.0,1.0,1.0
880,MK513229,5,M,2019-05-28,0.0,0.0,0.0,0.0,0.0
881,MK516056,5,M,2019-05-28,0.0,0.0,0.0,0.0,0.0
882,MK518348,5,M,2019-05-28,0.0,0.0,0.0,0.0,0.0
883,MK527205,5,M,2019-05-28,1.0,1.0,1.0,1.0,1.0
884,MK527206,5,M,2019-05-28,1.0,1.0,1.0,1.0,1.0
885,MK527674,5,M,2019-05-28,0.0,0.0,0.0,0.0,0.0
886,MK528358,5,M,2019-05-28,11.0,7.0,6.0,10.0,5.0
887,MK530058,5,M,2019-05-28,0.0,0.0,0.0,0.0,0.0
888,MK530091,5,M,2019-05-28,9.0,15.0,4.0,12.0,4.0
889,MK530907,5,M,2019-05-28,1.0,1.0,1.0,1.0,1.0
890,MK531858,5,M,2019-05-28,0.75,0.625,0.688,0.656,0.672
891,MK539517,5,M,2019-05-28,2.0,2.0,2.0,2.0,2.0
892,MK539519,5,M,2019-05-28,2.0,2.0,2.0,2.0,2.0
893,MK539523,5,M,2019-05-28,2.0,2.0,2.0,2.0,2.0
894,MK543291,5,M,2019-05-28,0.0,0.0,0.0,0.0,0.0
895,MK546615,5,M,2019-05-28,0.0,0.0,0.0,0.0,0.0
896,MK548915,5,M,2019-05-28,0.0,0.0,0.0,0.0,0.0
897,MK551677,5,M,2019-05-28,0.0,0.0,0.0,0.0,0.0
898,MK563698,5,M,2019-05-28,0.0,0.0,0.0,0.0,0.0
899,MK564286,5,M,2019-05-28,1.0,1.0,1.0,1.0,1.0
900,MK565234,5,M,2019-05-28,0.0,0.0,0.0,0.0,0.0
901,MK565333,5,M,2019-05-28,1.0,1.0,1.0,1.0,1.0
902,MK565488,5,M,2019-05-28,0.0,0.0,1.0,0.0,0.0
903,MK566444,5,M,2019-05-28,1.0,1.0,1.0,1.0,1.0
904,MK567273,5,M,2019-05-28,0.0,0.0,0.0,0.0,0.0
905,MK569045,5,M,2019-05-28,0.0,0.0,1.0,0.0,0.0
906,MK569546,5,M,2019-05-28,0.0,0.0,0.0,0.0,0.0
907,MK569836,5,M,2019-05-28,51.0,38.0,51.0,58.0,99.0
908,MK570229,5,M,2019-05-28,1.0,1.0,1.0,1.0,1.0
909,MK577068,5,M,2019-05-28,0.0,1.0,1.0,1.0,1.0
910,MK578472,5,M,2019-05-28,0.0,0.0,0.0,0.0,0.0
911,MK578567,5,M,2019-05-28,3.0,3.0,3.0,3.0,3.0
912,MK580232,5,M,2019-05-28,0.0,0.0,0.0,0.0,0.0
913,MK580400,5,M,2019-05-28,10.0,10.0,10.0,10.0,11.0
914,MK580532,5,M,2019-05-28,5.0,8.0,6.0,3.0,4.0
915,MK580545,5,M,2019-05-28,0.0,0.0,0.0,0.0,0.0
916,MK580890,5,M,2019-05-28,2.0,7.0,5.0,16.0,9.0
917,MK581247,5,M,2019-05-28,0.0,0.0,0.0,0.0,0.0
918,MK583101,5,M,2019-05-28,10.0,9.0,9.0,8.0,6.0
919,MK583409,5,M,2019-05-28,10.0,11.0,10.0,11.0,11.0
920,MK584275,5,M,2019-05-28,1.0,1.0,1.0,1.0,1.0
921,MK584475,5,M,2019-05-28,0.0,0.0,0.0,0.0,0.0
922,MK584666,5,M,2019-05-28,13.0,13.0,5.0,6.0,11.0
923,MK590414,5,M,2019-05-28,0.0,1.0,0.0,0.0,0.0
924,MK590428,5,M,2019-05-28,1.5,1.75,1.625,1.688,1.656
925,MK597533,5,M,2019-05-28,0.0,0.0,0.0,0.0,0.0
926,MK599139,5,M,2019-05-28,0.0,0.0,0.0,0.0,0.0
927,MK601451,5,M,2019-05-28,1.5,1.25,1.375,1.312,1.344
928,MK602592,5,M,2019-05-28,0.0,0.0,0.0,0.0,1.0
929,MK611993,5,M,2019-05-28,2.0,2.0,2.0,2.0,2.0
930,MK611995,5,M,2019-05-28,1.0,1.0,1.0,1.0,1.0
931,MK613513,5,M,2019-05-28,0.0,0.0,0.0,0.0,0.0
932,MK620217,5,M,2019-05-28,0.0,0.0,0.0,1.0,0.0
933,MK620685,5,M,2019-05-28,1.0,0.0,0.0,0.0,0.0
934,MK621211,5,M,2019-05-28,0.0,0.0,0.0,0.0,0.0
935,MK621372,5,M,2019-05-28,0.0,0.0,0.0,0.0,0.0
936,MK621451,5,M,2019-05-28,0.0,1.0,0.0,0.0,0.0
937,MK623380,5,M,2019-05-28,0.0,0.0,0.0,0.0,0.0
938,MK623507,5,M,2019-05-28,0.0,0.0,0.0,0.0,0.0
939,MK625260,5,M,2019-05-28,0.0,0.0,0.0,0.0,0.0
940,MK627912,5,M,2019-05-28,2.0,7.0,9.0,2.0,7.0
941,MK629141,5,M,2019-05-28,3.0,2.5,2.75,2.625,2.688
942,MK630100,5,M,2019-05-28,0.0,0.0,0.0,0.0,0.0
943,MK631324,5,M,2019-05-28,1.0,1.0,1.0,1.0,1.0
944,MK631719,5,M,2019-05-28,1.0,0.0,0.0,0.0,0.0
945,MK632001,5,M,2019-05-28,1.0,1.0,1.0,1.0,1.0
946,MK632043,5,M,2019-05-28,0.0,0.0,0.0,0.0,0.0
947,MK632048,5,M,2019-05-28,3.0,2.5,2.75,2.625,2.688
948,MK632622,5,M,2019-05-28,0.0,0.0,0.0,0.0,0.0
949,MK633415,5,M,2019-05-28,2.25,1.875,2.062,1.969,2.016
950,MK633469,5,M,2019-05-28,1.0,0.0,0.0,0.0,0.0
951,MK645423,5,M,2019-05-28,0.0,0.0,0.0,0.0,0.0
952,MK645456,5,M,2019-05-28,4.0,4.0,4.0,4.0,4.0
953,MK645752,5,M,2019-05-28,0.0,0.0,0.0,0.0,0.0
954,MK653849,5,M,2019-05-28,1.0,1.0,1.0,1.0,1.0
955,MK654128,5,M,2019-05-28,0.0,0.0,0.0,0.0,0.0
956,MK654866,5,M,2019-05-28,7.0,2.0,1.0,7.0,2.0
957,MK666967,5,M,2019-05-28,16.0,16.0,16.0,24.0,17.0
958,MK667042,5,M,2019-05-28,3.0,2.5,2.75,2.625,2.688
959,MK667044,5,M,2019-05-28,3.0,2.5,2.75,2.625,2.688
960,MK667793,5,M,2019-05-28,10.0,3.0,3.0,7.0,2.0
961,MK674773,5,M,2019-05-28,0.0,0.0,0.0,0.0,0.0
962,MK677743,5,M,2019-05-28,0.0,0.0,0.0,0.0,0.0
963,MK677748,5,M,2019-05-28,0.0,0.0,0.0,0.0,0.0
964,MK710472,5,M,2019-05-28,0.0,0.0,1.0,0.0,0.0
965,MK710501,5,M,2019-05-28,0.0,0.0,0.0,0.0,0.0
966,MK710635,5,M,2019-05-28,0.0,0.0,0.0,0.0,0.0
967,MK712966,5,M,2019-05-28,0.0,0.0,0.0,0.0,0.0
968,MK713712,5,M,2019-05-28,0.0,1.0,0.0,0.0,0.0
969,MK714042,5,M,2019-05-28,0.75,0.625,0.688,0.656,0.672
970,MK714079,5,M,2019-05-28,1.5,1.75,1.625,1.688,1.656
971,MK714235,5,M,2019-05-28,0.0,0.0,0.0,0.0,0.0
972,MK715056,5,M,2019-05-28,0.0,0.0,0.0,0.0,0.0
973,MK715371,5,M,2019-05-28,0.0,0.0,0.0,0.0,0.0
974,MK715373,5,M,2019-05-28,1.5,1.25,1.375,1.312,1.344
975,MK715402,5,M,2019-05-28,3.0,2.5,2.75,2.625,2.688
976,MK715404,5,M,2019-05-28,0.0,0.0,0.0,0.0,0.0
977,MK996358,5,M,2019-05-28,1.0,1.0,1.0,1.0,1.0
978,MK997509,5,M,2019-05-28,190.0,120.0,117.0,93.0,209.0
979,ML106213,5,M,2019-05-28,1.5,1.25,1.375,1.312,1.344
980,ML106246,5,M,2019-05-28,0.0,0.0,0.0,0.0,0.0
981,ML204624,5,M,2019-05-28,0.75,0.625,0.688,0.656,0.672
982,ML204634,5,M,2019-05-28,0.0,0.0,0.0,0.0,1.0
983,ML204760,5,M,2019-05-28,1.0,0.0,0.0,0.0,0.0
984,ML209132,5,M,2019-05-28,0.0,0.0,0.0,0.0,1.0
985,ML209134,5,M,2019-05-28,0.0,0.0,0.0,0.0,0.0
986,ML209140,5,M,2019-05-28,0.0,0.0,0.0,0.0,0.0
987,ML209158,5,M,2019-05-28,2.0,2.0,2.0,2.0,2.0
988,ML209164,5,M,2019-05-28,2.0,2.0,2.0,2.0,2.0
989,ML209454,5,M,2019-05-28,0.0,0.0,0.0,0.0,0.0
990,ML209736,5,M,2019-05-28,0.0,0.0,0.0,0.0,0.0
991,ML210016,5,M,2019-05-28,0.0,0.0,0.0,0.0,0.0
992,ML210291,5,M,2019-05-28,0.0,0.0,0.0,0.0,0.0
993,ML210630,5,M,2019-05-28,2.0,2.0,2.0,2.0,2.0
994,ML210925,5,M,2019-05-28,0.0,0.0,0.0,0.0,0.0
995,ML211693,5,M,2019-05-28,0.0,0.0,0.0,0.0,0.0
996,ML212269,5,M,2019-05-28,0.0,0.0,0.0,0.0,0.0
997,ML212568,5,M,2019-05-28,0.0,0.0,0.0,0.0,0.0
998,ML213184,5,M,2019-05-28,0.0,0.0,0.0,0.0,0.0
999,ML214355,5,M,2019-05-28,1.5,1.25,1.375,1.312,1.344
1000,ML214358,5,M,2019-05-28,1.5,1.25,1.375,1.312,1.344
1001,ML214359,5,M,2019-05-28,1.5,1.25,1.375,1.312,1.344
1002,ML214466,5,M,2019-05-28,0.0,0.0,0.0,0.0,0.0
1003,ML215600,5,M,2019-05-28,1.0,1.0,1.0,1.0,1.0
1004,ML215773,5,M,2019-05-28,0.0,0.0,0.0,0.0,0.0
1005,ML216086,5,M,2019-05-28,6.0,3.0,3.0,17.0,10.0
1006,ML216675,5,M,2019-05-28,0.0,0.0,0.0,0.0,0.0
1007,ML216767,5,M,2019-05-28,0.0,0.0,0.0,0.0,0.0
1008,ML217500,5,M,2019-05-28,0.0,0.0,0.0,0.0,0.0
1009,ML217610,5,M,2019-05-28,1.0,1.0,1.0,1.0,1.0
1010,ML221096,5,M,2019-05-28,0.0,0.0,0.0,0.0,0.0
1011,ML222577,5,M,2019-05-28,0.0,0.0,0.0,0.0,0.0
1012,ML223915,5,M,2019-05-28,0.0,0.0,0.0,0.0,0.0
1013,ML223916,5,M,2019-05-28,2.0,2.5,2.25,2.375,2.312
1014,ML223928,5,M,2019-05-28,1.0,1.0,1.0,1.0,1.0
1015,ML223939,5,M,2019-05-28,1.0,1.0,1.0,1.0,1.0
1016,ML225780,5,M,2019-05-28,0.0,0.0,0.0,0.0,0.0
1017,ML225796,5,M,2019-05-28,0.0,0.0,0.0,1.0,0.0
1018,ML225840,5,M,2019-05-28,0.0,0.0,0.0,0.0,0.0
1019,ML226017,5,M,2019-05-28,0.0,0.0,0.0,0.0,0.0
1020,ML226320,5,M,2019-05-28,1.0,1.0,1.0,1.0,1.0
1021,ML226482,5,M,2019-05-28,26.0,26.0,27.0,26.0,27.0
1022,ML226486,5,M,2019-05-28,19.0,20.0,16.0,18.0,17.0
1023,ML226545,5,M,2019-05-28,0.0,0.0,0.0,0.0,0.0
1024,ML226594,5,M,2019-05-28,1.0,1.0,1.0,1.0,1.0
1025,ML226611,5,M,2019-05-28,0.0,0.0,0.0,0.0,0.0
1026,ML226612,5,M,2019-05-28,0.0,0.0,0.0,0.0,0.0
1027,ML230344,5,M,2019-05-28,0.0,0.0,0.0,0.0,0.0
1028,ML230618,5,M,2019-05-28,1.0,1.0,1.0,1.0,1.0
1029,ML230862,5,M,2019-05-28,0.0,0.0,0.0,0.0,0.0
1030,ML231124,5,M,2019-05-28,0.0,0.0,0.0,0.0,0.0
1031,ML231247,5,M,2019-05-28,1.0,0.0,0.0,0.0,0.0
1032,ML231291,5,M,2019-05-28,1.0,1.0,1.0,1.0,1.0
1033,ML231300,5,M,2019-05-28,0.0,0.0,0.0,0.0,0.0
1034,ML231305,5,M,2019-05-28,0.0,0.0,0.0,0.0,0.0
1035,ML231327,5,M,2019-05-28,0.0,0.0,0.0,0.0,0.0
1036,ML231355,5,M,2019-05-28,1.0,1.0,1.0,1.0,1.0
1037,ML231454,5,M,2019-05-28,0.0,0.0,0.0,0.0,0.0
1038,ML231465,5,M,2019-05-28,0.0,0.0,0.0,0.0,0.0
1039,ML231522,5,M,2019-05-28,0.0,0.0,0.0,0.0,0.0
1040,ML231535,5,M,2019-05-28,1.0,1.0,1.0,1.0,1.0
1041,ML231536,5,M,2019-05-28,1.5,1.25,1.375,1.312,1.344
1042,ML231537,5,M,2019-05-28,1.0,1.0,1.0,1.0,1.0
1043,ML231702,5,M,2019-05-28,0.0,0.0,0.0,1.0,0.0
1044,ML231819,5,M,2019-05-28,0.0,0.0,0.0,0.0,0.0
1045,ML231832,5,M,2019-05-28,0.0,0.0,0.0,0.0,0.0
1046,ML231901,5,M,2019-05-28,0.0,0.0,0.0,0.0,0.0
1047,ML232689,5,M,2019-05-28,0.0,0.0,0.0,0.0,0.0
1048,ML232722,5,M,2019-05-28,0.0,0.0,0.0,0.0,0.0
1049,ML232734,5,M,2019-05-28,0.0,0.0,0.0,0.0,0.0
1050,ML232995,5,M,2019-05-28,0.0,0.0,0.0,0.0,0.0
1051,ML233732,5,M,2019-05-28,0.0,0.0,0.0,0.0,0.0
1052,ML233888,5,M,2019-05-28,0.0,0.0,0.0,0.0,1.0
1053,ML233925,5,M,2019-05-28,1.0,0.0,0.0,0.0,0.0
1054,ML233931,5,M,2019-05-28,1.0,0.0,0.0,0.0,0.0
1055,ML233932,5,M,2019-05-28,0.0,0.0,0.0,0.0,0.0
1056,ML233979K,5,M,2019-05-28,0.0,0.0,0.0,0.0,0.0
1057,ML233985,5,M,2019-05-28,0.0,1.0,1.0,1.0,1.0
1058,ML233997,5,M,2019-05-28,1.0,1.0,1.0,1.0,1.0
1059,ML234096,5,M,2019-05-28,1.0,1.0,1.0,1.0,1.0
1060,ML234178,5,M,2019-05-28,2.0,2.0,2.0,2.0,2.0
1061,ML234195,5,M,2019-05-28,0.0,0.0,0.0,0.0,0.0
1062,ML234196,5,M,2019-05-28,0.0,0.0,0.0,0.0,0.0
1063,ML234203,5,M,2019-05-28,1.5,1.25,1.375,1.312,1.344
1064,ML234206,5,M,2019-05-28,1.0,0.0,0.0,0.0,0.0
1065,ML234207,5,M,2019-05-28,1.0,0.0,0.0,0.0,0.0
1066,ML234212,5,M,2019-05-28,0.0,0.0,0.0,0.0,0.0
1067,ML234278,5,M,2019-05-28,2.0,2.0,2.0,2.0,2.0
1068,ML234374,5,M,2019-05-28,0.0,0.0,0.0,0.0,0.0
1069,ML234375,5,M,2019-05-28,0.0,0.0,0.0,0.0,0.0
1070,ML234385,5,M,2019-05-28,1.0,1.0,1.0,1.0,1.0
1071,ML234427,5,M,2019-05-28,0.0,0.0,0.0,0.0,0.0
1072,ML234493,5,M,2019-05-28,0.0,0.0,0.0,0.0,0.0
1073,ML234505,5,M,2019-05-28,0.75,0.625,0.688,0.656,0.672
1074,ML234644,5,M,2019-05-28,1.0,0.0,0.0,0.0,0.0
1075,ML234713,5,M,2019-05-28,1.0,0.0,0.0,0.0,0.0
1076,ML234714,5,M,2019-05-28,1.0,0.0,0.0,0.0,0.0
1077,ML234727,5,M,2019-05-28,0.0,0.0,0.0,0.0,0.0
1078,ML234774,5,M,2019-05-28,0.0,0.0,0.0,0.0,0.0
1079,ML236151,5,M,2019-05-28,2.0,2.0,2.0,2.0,2.0
1080,ML236539,5,M,2019-05-28,0.0,0.0,0.0,0.0,0.0
1081,ML236914,5,M,2019-05-28,0.0,0.0,1.0,0.0,0.0
1082,ML236929,5,M,2019-05-28,1.0,0.0,0.0,0.0,0.0
1083,ML237048,5,M,2019-05-28,1.0,0.0,0.0,0.0,0.0
1084,ML237179,5,M,2019-05-28,0.0,0.0,0.0,0.0,0.0
1085,ML237207,5,M,2019-05-28,0.0,0.0,0.0,0.0,0.0
1086,ML237230,5,M,2019-05-28,1.5,1.25,1.375,1.312,1.344
1087,ML237916,5,M,2019-05-28,0.0,0.0,0.0,0.0,0.0
1088,ML238057,5,M,2019-05-28,0.0,0.0,0.0,1.0,0.0
1089,ML238121,5,M,2019-05-28,1.0,0.0,0.0,0.0,0.0
1090,ML238164,5,M,2019-05-28,34.0,24.0,26.0,17.0,25.0
1091,ML241101,5,M,2019-05-28,0.0,0.0,0.0,0.0,0.0
1092,ML241106,5,M,2019-05-28,0.0,0.0,0.0,0.0,1.0
1093,ML241108,5,M,2019-05-28,0.0,0.0,0.0,0.0,0.0
1094,ML241615,5,M,2019-05-28,0.0,0.0,0.0,0.0,0.0
1095,ML242177,5,M,2019-05-28,3.0,2.5,2.75,2.625,2.688
1096,ML242227,5,M,2019-05-28,1.0,1.0,1.0,1.0,1.0
1097,ML242450,5,M,2019-05-28,1.0,1.0,1.0,1.0,1.0
1098,ML242451,5,M,2019-05-28,1.0,1.0,1.0,1.0,1.0
1099,ML242560,5,M,2019-05-28,0.0,0.0,0.0,0.0,0.0
1100,ML243177,5,M,2019-05-28,0.0,0.0,0.0,0.0,0.0
1101,ML243314,5,M,2019-05-28,1.5,1.25,1.375,1.312,1.344
1102,ML243657,5,M,2019-05-28,2.25,1.875,2.062,1.969,2.016
1103,ML243875,5,M,2019-05-28,1.0,1.0,1.0,1.0,1.0
1104,ML243953,5,M,2019-05-28,0.0,0.0,0.0,0.0,0.0
1105,ML249253,5,M,2019-05-28,1.0,1.0,1.0,1.0,1.0
1106,ML249256,5,M,2019-05-28,0.0,0.0,0.0,0.0,0.0
1107,ML249415,5,M,2019-05-28,0.0,0.0,0.0,0.0,0.0
1108,ML249458,5,M,2019-05-28,0.0,0.0,0.0,0.0,0.0
1109,ML250022,5,M,2019-05-28,0.0,0.0,0.0,0.0,0.0
1110,ML252158,5,M,2019-05-28,0.0,0.0,1.0,0.0,0.0
1111,ML253488,5,M,2019-05-28,0.0,0.0,0.0,1.0,0.0
1112,ML258099,5,M,2019-05-28,0.0,0.0,0.0,0.0,0.0
1113,ML258108,5,M,2019-05-28,0.0,0.0,0.0,0.0,0.0
1114,ML259490,5,M,2019-05-28,0.0,0.0,0.0,0.0,0.0
1115,ML259676,5,M,2019-05-28,0.0,0.0,0.0,0.0,0.0
1116,ML259954,5,M,2019-05-28,0.0,1.0,1.0,1.0,1.0
1117,ML259955,5,M,2019-05-28,0.0,0.0,0.0,0.0,0.0
1118,ML261079,5,M,2019-05-28,0.0,0.0,0.0,0.0,0.0
1119,ML261386,5,M,2019-05-28,0.0,0.0,0.0,0.0,0.0
1120,ML261387,5,M,2019-05-28,0.0,0.0,0.0,0.0,0.0
1121,ML261390,5,M,2019-05-28,0.0,0.0,0.0,0.0,0.0
1122,ML261391,5,M,2019-05-28,0.0,0.0,0.0,0.0,0.0
1123,ML261402,5,M,2019-05-28,0.0,0.0,0.0,0.0,0.0
1124,ML261403,5,M,2019-05-28,0.0,0.0,0.0,0.0,0.0
1125,ML261412,5,M,2019-05-28,0.0,0.0,0.0,0.0,0.0
1126,ML261415,5,M,2019-05-28,0.0,0.0,0.0,0.0,0.0
1127,ML261418,5,M,2019-05-28,0.0,0.0,0.0,0.0,0.0
1128,ML261421,5,M,2019-05-28,0.0,0.0,0.0,0.0,0.0
1129,ML267298,5,M,2019-05-28,3.0,3.0,3.0,3.0,3.0
1130,ML268461,5,M,2019-05-28,0.0,0.0,0.0,0.0,0.0
1131,ML270072,5,M,2019-05-28,0.0,0.0,0.0,0.0,0.0
1132,ML270073,5,M,2019-05-28,2.0,2.0,2.0,2.0,2.0
1133,ML270099,5,M,2019-05-28,0.0,0.0,0.0,0.0,0.0
1134,ML270164,5,M,2019-05-28,1.5,1.75,1.625,1.688,1.656
1135,ML270165,5,M,2019-05-28,1.0,1.0,1.0,1.0,1.0
1136,ML270517,5,M,2019-05-28,3.0,3.0,3.0,3.0,3.0
1137,ML270519,5,M,2019-05-28,3.0,3.0,3.0,3.0,3.0
1138,ML270528,5,M,2019-05-28,0.0,0.0,0.0,0.0,0.0
1139,ML270573,5,M,2019-05-28,1.5,1.25,1.375,1.312,1.344
1140,ML270575,5,M,2019-05-28,0.0,0.0,0.0,0.0,0.0
1141,ML270593,5,M,2019-05-28,0.0,0.0,0.0,0.0,0.0
1142,ML270656,5,M,2019-05-28,0.0,0.0,0.0,0.0,0.0
1143,ML270730,5,M,2019-05-28,1.0,1.0,1.0,1.0,1.0
1144,ML270773,5,M,2019-05-28,1.0,2.0,1.0,1.0,1.0
1145,ML270774,5,M,2019-05-28,1.0,2.0,1.0,1.0,1.0
1146,ML270809,5,M,2019-05-28,1.0,1.0,1.0,1.0,1.0
1147,ML270810,5,M,2019-05-28,0.0,0.0,0.0,0.0,0.0
1148,ML270896,5,M,2019-05-28,1.0,1.0,1.0,1.0,1.0
1149,ML270897,5,M,2019-05-28,1.0,1.0,1.0,1.0,1.0
1150,ML270962,5,M,2019-05-28,0.0,0.0,0.0,0.0,0.0
1151,ML272358,5,M,2019-05-28,0.0,0.0,0.0,0.0,0.0
1152,ML272459,5,M,2019-05-28,0.0,0.0,0.0,0.0,0.0
1153,ML272460,5,M,2019-05-28,0.0,0.0,0.0,0.0,0.0
1154,ML272545,5,M,2019-05-28,0.0,0.0,0.0,0.0,0.0
1155,ML272548,5,M,2019-05-28,0.0,0.0,0.0,0.0,0.0
1156,ML272550,5,M,2019-05-28,0.0,0.0,0.0,0.0,0.0
1157,ML274092,5,M,2019-05-28,0.0,0.0,0.0,0.0,0.0
1158,ML274174,5,M,2019-05-28,0.0,0.0,0.0,0.0,0.0
1159,ML275181,5,M,2019-05-28,1.0,1.0,1.0,1.0,1.0
1160,ML275321,5,M,2019-05-28,0.0,0.0,0.0,0.0,0.0
1161,ML275516,5,M,2019-05-28,0.0,0.0,0.0,0.0,0.0
1162,ML275821,5,M,2019-05-28,0.0,0.0,0.0,0.0,0.0
1163,ML275913,5,M,2019-05-28,1.5,1.25,1.375,1.312,1.344
1164,ML275921,5,M,2019-05-28,1.5,1.25,1.375,1.312,1.344
1165,ML276351,5,M,2019-05-28,0.0,0.0,0.0,0.0,0.0
1166,ML276358,5,M,2019-05-28,0.0,0.0,0.0,0.0,0.0
1167,ML276371,5,M,2019-05-28,2.0,2.0,2.0,2.0,2.0
1168,ML276554,5,M,2019-05-28,0.0,0.0,0.0,1.0,0.0
1169,ML276570,5,M,2019-05-28,0.0,0.0,0.0,0.0,0.0
1170,ML277083,5,M,2019-05-28,3.75,3.125,3.438,3.281,3.359
1171,ML277133,5,M,2019-05-28,1.5,1.25,1.375,1.312,1.344
1172,ML277283,5,M,2019-05-28,3.75,3.125,3.438,3.281,3.359
1173,ML277663,5,M,2019-05-28,1.5,1.25,1.375,1.312,1.344
1174,ML277932,5,M,2019-05-28,1.0,2.0,1.0,1.0,1.0
1175,ML280294,5,M,2019-05-28,0.0,0.0,0.0,0.0,0.0
1176,ML280295,5,M,2019-05-28,0.0,0.0,0.0,0.0,0.0
1177,ML280358,5,M,2019-05-28,0.0,0.0,0.0,0.0,0.0
1178,ML281040,5,M,2019-05-28,2.0,2.0,2.0,2.0,2.0
1179,ML281053,5,M,2019-05-28,0.0,0.0,0.0,0.0,0.0
1180,ML281054,5,M,2019-05-28,1.5,1.25,1.375,1.312,1.344
1181,ML281083,5,M,2019-05-28,0.0,0.0,0.0,0.0,0.0
1182,ML281139,5,M,2019-05-28,0.0,0.0,0.0,0.0,0.0
1183,ML281650,5,M,2019-05-28,0.0,0.0,0.0,0.0,0.0
1184,ML281928,5,M,2019-05-28,0.0,0.0,0.0,0.0,0.0
1185,ML282450,5,M,2019-05-28,0.0,0.0,0.0,0.0,0.0
1186,ML282517,5,M,2019-05-28,2.0,2.0,2.0,2.0,2.0
1187,ML283664,5,M,2019-05-28,1.0,1.0,1.0,1.0,1.0
1188,ML283665,5,M,2019-05-28,0.0,0.0,0.0,0.0,0.0
1189,ML287331,5,M,2019-05-28,0.0,0.0,0.0,0.0,0.0
1190,ML287434,5,M,2019-05-28,1.0,1.0,1.0,1.0,1.0
1191,ML288320,5,M,2019-05-28,0.0,0.0,0.0,0.0,0.0
1192,ML289388,5,M,2019-05-28,2.25,1.875,2.062,1.969,2.016
1193,ML290222,5,M,2019-05-28,0.0,0.0,0.0,0.0,0.0
1194,ML291243,5,M,2019-05-28,0.0,0.0,0.0,0.0,0.0
1195,ML292079,5,M,2019-05-28,2.25,1.875,2.062,1.969,2.016
1196,ML292122,5,M,2019-05-28,1.5,1.25,1.375,1.312,1.344
1197,ML292128,5,M,2019-05-28,1.5,1.25,1.375,1.312,1.344
1198,ML292245,5,M,2019-05-28,1.5,1.25,1.375,1.312,1.344
1199,ML292254,5,M,2019-05-28,1.5,1.25,1.375,1.312,1.344
1200,ML292282,5,M,2019-05-28,3.75,3.125,3.438,3.281,3.359
1201,ML292283,5,M,2019-05-28,2.25,1.875,2.062,1.969,2.016
1202,ML293050,5,M,2019-05-28,2.25,1.875,2.062,1.969,2.016
1203,ML293595,5,M,2019-05-28,0.0,0.0,0.0,0.0,0.0
1204,ML297141,5,M,2019-05-28,1.0,1.0,1.0,1.0,1.0
1205,ML298316,5,M,2019-05-28,5.0,9.0,3.0,5.0,5.0
1206,ML298544,5,M,2019-05-28,1.0,1.0,1.0,1.0,1.0
1207,ML300633,5,M,2019-05-28,0.0,0.0,0.0,0.0,0.0
1208,ML300637,5,M,2019-05-28,0.75,0.625,0.688,0.656,0.672
1209,ML301354,5,M,2019-05-28,0.0,0.0,0.0,0.0,0.0
1210,ML301833,5,M,2019-05-28,0.0,0.0,0.0,0.0,0.0
1211,ML301986,5,M,2019-05-28,1.0,1.0,1.0,1.0,1.0
1212,ML303106,5,M,2019-05-28,0.0,0.0,0.0,0.0,0.0
1213,ML303108,5,M,2019-05-28,0.0,0.0,0.0,0.0,0.0
1214,ML303109,5,M,2019-05-28,0.0,0.0,0.0,0.0,0.0
1215,ML303155,5,M,2019-05-28,0.0,0.0,0.0,0.0,0.0
1216,ML304856,5,M,2019-05-28,1.5,1.25,1.375,1.312,1.344
1217,ML305023,5,M,2019-05-28,1.5,1.25,1.375,1.312,1.344
1218,ML305269,5,M,2019-05-28,0.0,0.0,0.0,0.0,0.0
1219,ML305327,5,M,2019-05-28,0.0,0.0,0.0,0.0,0.0
1220,ML305802,5,M,2019-05-28,0.0,0.0,0.0,0.0,0.0
1221,ML305848,5,M,2019-05-28,0.0,0.0,0.0,0.0,0.0
1222,ML305849,5,M,2019-05-28,0.0,0.0,0.0,0.0,0.0
1223,ML309472,5,M,2019-05-28,1.5,1.25,1.375,1.312,1.344
1224,ML309473,5,M,2019-05-28,1.5,1.25,1.375,1.312,1.344
1225,ML309601,5,M,2019-05-28,0.0,0.0,0.0,0.0,0.0
1226,ML309602,5,M,2019-05-28,0.0,0.0,0.0,0.0,0.0
1227,ML310033,5,M,2019-05-28,0.0,0.0,0.0,0.0,0.0
1228,ML310035,5,M,2019-05-28,1.0,0.0,0.0,0.0,0.0
1229,ML310036,5,M,2019-05-28,0.0,0.0,0.0,0.0,0.0
1230,ML310038,5,M,2019-05-28,0.0,0.0,0.0,0.0,0.0
1231,ML310039,5,M,2019-05-28,0.0,0.0,0.0,0.0,0.0
1232,ML310040,5,M,2019-05-28,0.0,0.0,0.0,0.0,0.0
1233,ML310041,5,M,2019-05-28,0.0,0.0,0.0,0.0,0.0
1234,ML310065,5,M,2019-05-28,0.0,0.0,0.0,0.0,0.0
1235,ML310066,5,M,2019-05-28,0.0,0.0,0.0,0.0,0.0
1236,ML311211,5,M,2019-05-28,0.0,0.0,0.0,0.0,0.0
1237,ML311356,5,M,2019-05-28,0.0,0.0,0.0,0.0,0.0
1238,ML311358,5,M,2019-05-28,0.0,0.0,0.0,0.0,0.0
1239,ML311539,5,M,2019-05-28,2.0,2.0,2.0,2.0,2.0
1240,ML311553,5,M,2019-05-28,0.0,0.0,0.0,0.0,0.0
1241,ML311583,5,M,2019-05-28,0.0,0.0,0.0,0.0,0.0
1242,ML311656,5,M,2019-05-28,0.0,0.0,0.0,0.0,0.0
1243,ML312255,5,M,2019-05-28,0.0,0.0,0.0,0.0,0.0
1244,ML315152,5,M,2019-05-28,0.0,0.0,0.0,0.0,0.0
1245,ML315153,5,M,2019-05-28,0.0,0.0,0.0,0.0,0.0
1246,ML315154,5,M,2019-05-28,0.0,0.0,0.0,0.0,0.0
1247,ML315258,5,M,2019-05-28,0.0,0.0,0.0,0.0,0.0
1248,ML315489,5,M,2019-05-28,2.25,1.875,2.062,1.969,2.016
1249,ML315492,5,M,2019-05-28,1.5,1.25,1.375,1.312,1.344
1250,ML316747,5,M,2019-05-28,0.0,0.0,0.0,0.0,0.0
1251,ML316748,5,M,2019-05-28,1.0,0.0,0.0,0.0,0.0
1252,ML317044,5,M,2019-05-28,2.0,2.0,2.0,2.0,2.0
1253,ML318195,5,M,2019-05-28,0.0,0.0,0.0,0.0,0.0
1254,ML318238,5,M,2019-05-28,0.0,0.0,0.0,0.0,0.0
1255,ML318563,5,M,2019-05-28,3.0,3.0,3.0,3.0,3.0
1256,ML324220,5,M,2019-05-28,2.0,2.0,2.0,2.0,2.0
1257,ML324273,5,M,2019-05-28,0.0,0.0,0.0,0.0,0.0
1258,ML324275,5,M,2019-05-28,0.0,0.0,0.0,0.0,0.0
1259,ML324278,5,M,2019-05-28,0.0,0.0,0.0,0.0,0.0
1260,ML324279,5,M,2019-05-28,0.0,0.0,0.0,0.0,0.0
1261,ML324280,5,M,2019-05-28,0.0,0.0,0.0,0.0,0.0
1262,ML324283,5,M,2019-05-28,0.0,0.0,0.0,0.0,0.0
1263,ML324286,5,M,2019-05-28,0.0,0.0,0.0,0.0,0.0
1264,ML326227,5,M,2019-05-28,2.0,2.0,2.0,2.0,2.0
1265,ML326228,5,M,2019-05-28,2.0,2.0,2.0,2.0,2.0
1266,MM115232,5,M,2019-05-28,2.0,2.0,2.0,2.0,2.0
1267,MN135840,5,M,2019-05-28,0.0,0.0,0.0,0.0,0.0
1268,MN158387,5,M,2019-05-28,0.0,0.0,0.0,0.0,0.0
1269,MN176208,5,M,2019-05-28,0.0,0.0,0.0,0.0,0.0
1270,MN179903,5,M,2019-05-28,20.0,9.0,16.0,20.0,9.0
1271,MR315785,5,M,2019-05-28,0.0,0.0,0.0,0.0,0.0
1272,MR493229,5,M,2019-05-28,15.0,423.0,37.0,15.0,423.0
1273,MR727322,5,M,2019-05-28,1.0,1.0,1.0,1.0,1.0
1274,MS106240,5,M,2019-05-28,1.0,0.0,0.0,0.0,0.0
1275,MS146365,5,M,2019-05-28,0.0,0.0,0.0,0.0,0.0
1276,MS146804,5,M,2019-05-28,0.0,1.0,1.0,1.0,1.0
1277,MS146814,5,M,2019-05-28,35.0,31.0,31.0,32.0,32.0
1278,MS146921,5,M,2019-05-28,0.0,0.0,0.0,0.0,0.0
1279,MS146930,5,M,2019-05-28,0.0,0.0,0.0,0.0,0.0
1280,MS200322,5,M,2019-05-28,0.0,0.0,0.0,0.0,0.0
1281,MS240922,5,M,2019-05-28,0.0,0.0,0.0,0.0,0.0
1282,MS450035,5,M,2019-05-28,3.0,3.0,3.0,3.0,3.0
1283,MS456220,5,M,2019-05-28,0.0,0.0,0.0,0.0,0.0
1284,MS456739,5,M,2019-05-28,0.0,0.0,0.0,0.0,0.0
1285,MS466115,5,M,2019-05-28,0.0,0.0,0.0,0.0,0.0
1286,MS526150,5,M,2019-05-28,10.0,20.0,25.0,12.0,12.0
1287,MS612284,5,M,2019-05-28,3.0,3.0,3.0,3.0,3.0
1288,MS612286,5,M,2019-05-28,2.25,1.875,2.062,1.969,2.016
1289,MS660171,5,M,2019-05-28,16.0,51.0,12.0,20.0,15.0
1290,MS666022,5,M,2019-05-28,0.0,0.0,0.0,0.0,0.0
1291,MS810880,5,M,2019-05-28,0.0,0.0,3.0,0.0,0.0
1292,MT166787,5,M,2019-05-28,0.0,1.0,1.0,1.0,1.0
1293,MT420051,5,M,2019-05-28,38.0,37.0,37.0,37.0,37.0
1294,MW029735,5,M,2019-05-28,21.0,23.0,26.0,10.0,8.0
1295,MW031122,5,M,2019-05-28,37.0,101.0,7.0,13.0,2.0
1296,MX000022,5,M,2019-05-28,1.0,1.0,1.0,1.0,1.0
1297,MX000207,5,M,2019-05-28,1.0,1.0,1.0,1.0,1.0
1298,MX000266,5,M,2019-05-28,0.0,0.0,0.0,0.0,0.0
1299,MX000299,5,M,2019-05-28,0.0,0.0,0.0,0.0,0.0
1300,MX000303,5,M,2019-05-28,0.0,0.0,0.0,0.0,0.0
1301,MX000335,5,M,2019-05-28,2.0,2.0,2.0,2.0,2.0
1302,MX000553,5,M,2019-05-28,2.0,2.0,2.0,2.0,2.0
1303,MX000586,5,M,2019-05-28,0.0,0.0,0.0,0.0,0.0
1304,MX000883,5,M,2019-05-28,3.0,2.5,2.75,2.625,2.688
1305,MX000893,5,M,2019-05-28,0.0,0.0,0.0,0.0,0.0
1306,MX001771,5,M,2019-05-28,0.0,0.0,0.0,0.0,0.0
1307,MX001892,5,M,2019-05-28,1.0,0.0,0.0,0.0,0.0
1308,MX002084,5,M,2019-05-28,0.0,0.0,0.0,0.0,0.0
1309,MX002113,5,M,2019-05-28,1.5,1.25,1.375,1.312,1.344
1310,MX002170,5,M,2019-05-28,0.0,1.0,1.0,1.0,1.0
1311,MX002341,5,M,2019-05-28,0.0,0.0,0.0,0.0,0.0
1312,MX002344,5,M,2019-05-28,0.0,0.0,0.0,0.0,0.0
1313,MX002350,5,M,2019-05-28,0.0,0.0,0.0,0.0,0.0
1314,MX002358,5,M,2019-05-28,0.0,0.0,0.0,0.0,0.0
1315,MX002361,5,M,2019-05-28,1.0,0.0,0.0,0.0,0.0
1316,MX002365,5,M,2019-05-28,0.0,0.0,0.0,0.0,0.0
1317,MX002367,5,M,2019-05-28,0.0,0.0,0.0,0.0,0.0
1318,MX002373,5,M,2019-05-28,0.0,0.0,0.0,0.0,0.0
1319,MX002491,5,M,2019-05-28,1.0,1.0,1.0,1.0,1.0
1320,MX002524,5,M,2019-05-28,0.0,0.0,0.0,0.0,0.0
1321,MX002537,5,M,2019-05-28,0.0,0.0,0.0,0.0,0.0
1322,MX002619,5,M,2019-05-28,0.0,0.0,0.0,0.0,1.0
1323,MX002661,5,M,2019-05-28,3.0,3.0,3.0,3.0,3.0
1324,MX002682,5,M,2019-05-28,0.0,0.0,0.0,0.0,0.0
1325,MX002730,5,M,2019-05-28,0.0,0.0,0.0,1.0,0.0
1326,MX002810,5,M,2019-05-28,0.0,0.0,0.0,0.0,0.0
1327,MX002814,5,M,2019-05-28,0.0,0.0,0.0,0.0,0.0
1328,MX002817,5,M,2019-05-28,0.0,0.0,0.0,0.0,0.0
1329,MX002886,5,M,2019-05-28,0.0,0.0,0.0,0.0,0.0
1330,MX003093,5,M,2019-05-28,0.0,0.0,0.0,0.0,0.0
1331,MX003741,5,M,2019-05-28,1.0,0.0,0.0,0.0,0.0
1332,MX003893,5,M,2019-05-28,1.5,1.25,1.375,1.312,1.344
1333,MX004451,5,M,2019-05-28,1.0,0.0,0.0,0.0,0.0
1334,MX004452,5,M,2019-05-28,1.0,0.0,0.0,0.0,0.0
1335,MX005108,5,M,2019-05-28,0.0,0.0,0.0,0.0,0.0
1336,MX005111,5,M,2019-05-28,0.0,1.0,1.0,1.0,1.0
1337,MX005199,5,M,2019-05-28,1.5,1.25,1.375,1.312,1.344
1338,MX005207,5,M,2019-05-28,4.0,4.0,4.0,4.0,4.0
1339,MX005257,5,M,2019-05-28,0.0,0.0,0.0,0.0,0.0
1340,MX005326,5,M,2019-05-28,2.25,1.875,2.062,1.969,2.016
1341,MX005457,5,M,2019-05-28,0.0,0.0,0.0,0.0,0.0
1342,MX005467,5,M,2019-05-28,0.0,0.0,0.0,0.0,0.0
1343,MX005508,5,M,2019-05-28,1.0,0.0,0.0,0.0,0.0
1344,MX005567,5,M,2019-05-28,0.0,0.0,0.0,0.0,0.0
1345,MX005878,5,M,2019-05-28,1.0,1.0,1.0,1.0,1.0
1346,MX900920,5,M,2019-05-28,2.0,2.0,2.0,2.0,2.0
1347,MX901061,5,M,2019-05-28,0.0,0.0,0.0,0.0,0.0
1348,MX901085,5,M,2019-05-28,3.0,3.0,3.0,3.0,3.0
1349,MX901168,5,M,2019-05-28,0.0,0.0,0.0,0.0,0.0
1350,MX901292,5,M,2019-05-28,1.0,1.0,1.0,1.0,1.0
1351,MX901550,5,M,2019-05-28,0.0,0.0,0.0,0.0,0.0
1352,MX901582,5,M,2019-05-28,1.0,0.0,0.0,0.0,0.0
1353,MX901861,5,M,2019-05-28,1.0,2.0,1.0,1.0,1.0
1354,MX902071,5,M,2019-05-28,2.0,2.0,2.0,2.0,2.0
1355,MX902595,5,M,2019-05-28,0.0,0.0,0.0,0.0,0.0
1356,MX903205,5,M,2019-05-28,1.0,0.0,0.0,0.0,0.0
1357,MX903206,5,M,2019-05-28,1.0,0.0,0.0,0.0,0.0
1358,MX904098,5,M,2019-05-28,1.0,1.0,1.0,1.0,1.0
1359,MX904102,5,M,2019-05-28,0.0,0.0,0.0,0.0,0.0
1360,MX904161,5,M,2019-05-28,1.0,1.0,1.0,1.0,1.0
1361,MX904179,5,M,2019-05-28,0.0,0.0,0.0,0.0,0.0
1362,MX904483,5,M,2019-05-28,1.5,1.25,1.375,1.312,1.344
1363,MX905011,5,M,2019-05-28,1.5,1.25,1.375,1.312,1.344
1364,MX905454,5,M,2019-05-28,1.0,1.0,1.0,1.0,1.0
1365,MX905509,5,M,2019-05-28,0.0,0.0,0.0,1.0,0.0
1366,MX905698,5,M,2019-05-28,1.5,1.25,1.375,1.312,1.344
1367,MX905790,5,M,2019-05-28,4.0,4.0,4.0,4.0,4.0
1368,MX905846,5,M,2019-05-28,2.0,2.0,1.0,2.0,2.0
1369,MX905874,5,M,2019-05-28,0.0,0.0,0.0,0.0,0.0
1370,MX905879,5,M,2019-05-28,0.0,0.0,0.0,0.0,0.0
1371,MX906087,5,M,2019-05-28,1.0,1.0,1.0,1.0,1.0
1372,MX906105,5,M,2019-05-28,1.0,0.0,0.0,1.0,0.0
1373,MX906208,5,M,2019-05-28,0.0,0.0,0.0,0.0,0.0
1374,MX906209,5,M,2019-05-28,0.0,0.0,0.0,0.0,0.0
1375,MX906259,5,M,2019-05-28,1.0,0.0,0.0,0.0,0.0
1376,MX906279,5,M,2019-05-28,3.0,2.5,2.75,2.625,2.688
1377,MX906285,5,M,2019-05-28,0.0,0.0,0.0,0.0,0.0
1378,MX906367,5,M,2019-05-28,0.0,0.0,0.0,0.0,0.0
1379,MX906522,5,M,2019-05-28,2.0,2.0,1.0,2.0,2.0
1380,MX906523,5,M,2019-05-28,2.0,2.0,1.0,2.0,2.0
1381,MX906748,5,M,2019-05-28,1.0,1.0,1.0,1.0,1.0
1382,MX906771,5,M,2019-05-28,1.0,0.0,0.0,0.0,0.0
1383,MX907026,5,M,2019-05-28,0.0,0.0,0.0,0.0,0.0
1384,MX907040,5,M,2019-05-28,0.0,0.0,0.0,0.0,0.0
1385,MX907116,5,M,2019-05-28,0.0,0.0,0.0,0.0,0.0
1386,MX907261,5,M,2019-05-28,0.0,0.0,0.0,0.0,0.0
1387,MX907417,5,M,2019-05-28,0.0,0.0,0.0,0.0,0.0
1388,MX907557,5,M,2019-05-28,1.0,1.0,1.0,1.0,1.0
1389,MX907674,5,M,2019-05-28,0.0,0.0,0.0,0.0,0.0
1390,MX907755,5,M,2019-05-28,2.0,2.0,2.0,2.0,2.0
1391,MX907977,5,M,2019-05-28,2.25,1.875,2.062,1.969,2.016
1392,MX907980,5,M,2019-05-28,3.0,2.5,2.75,2.625,2.688
1393,MX908086,5,M,2019-05-28,0.0,0.0,0.0,1.0,0.0
1394,MX908215,5,M,2019-05-28,0.0,0.0,0.0,0.0,0.0
1395,MX908216,5,M,2019-05-28,0.0,0.0,0.0,0.0,0.0
1396,MX908329,5,M,2019-05-28,1.5,1.25,1.375,1.312,1.344
1397,MX908381,5,M,2019-05-28,0.0,0.0,0.0,0.0,0.0
1398,MX908460,5,M,2019-05-28,0.0,0.0,0.0,0.0,0.0
1399,MX908465,5,M,2019-05-28,1.0,0.0,0.0,0.0,0.0
1400,MX908721,5,M,2019-05-28,1.0,1.0,1.0,1.0,1.0
1401,MX908722,5,M,2019-05-28,0.0,0.0,0.0,0.0,0.0
1402,MX908733,5,M,2019-05-28,0.0,0.0,0.0,0.0,0.0
1403,MX908737,5,M,2019-05-28,0.0,0.0,0.0,0.0,0.0
1404,MX908870,5,M,2019-05-28,0.0,0.0,0.0,0.0,0.0
1405,MX908874,5,M,2019-05-28,0.0,0.0,0.0,0.0,0.0
1406,MX908914,5,M,2019-05-28,0.0,0.0,0.0,0.0,0.0
1407,MX908964,5,M,2019-05-28,1.5,1.25,1.375,1.312,1.344
1408,MX908975,5,M,2019-05-28,0.0,0.0,0.0,0.0,0.0
1409,MX909101,5,M,2019-05-28,0.0,0.0,0.0,0.0,0.0
1410,MX909115,5,M,2019-05-28,0.0,0.0,0.0,0.0,0.0
1411,MX909125,5,M,2019-05-28,0.0,0.0,0.0,0.0,0.0
1412,MX909126,5,M,2019-05-28,0.0,0.0,0.0,0.0,0.0
1413,MX909179,5,M,2019-05-28,0.0,0.0,0.0,0.0,0.0
1414,MX909207,5,M,2019-05-28,0.0,0.0,1.0,0.0,0.0
1415,MX909248,5,M,2019-05-28,0.0,0.0,0.0,0.0,0.0
1416,MX909250,5,M,2019-05-28,1.0,1.0,1.0,1.0,1.0
1417,MX909251,5,M,2019-05-28,0.0,0.0,0.0,0.0,0.0
1418,MX909257,5,M,2019-05-28,0.0,0.0,0.0,0.0,0.0
1419,MX909267,5,M,2019-05-28,3.0,3.0,3.0,3.0,3.0
1420,MX909422,5,M,2019-05-28,0.0,0.0,0.0,0.0,0.0
1421,MX909714,5,M,2019-05-28,0.0,0.0,0.0,1.0,0.0
1422,MX909757,5,M,2019-05-28,0.0,0.0,0.0,0.0,0.0
1423,MX909763,5,M,2019-05-28,0.0,0.0,0.0,0.0,0.0
1424,MX909801,5,M,2019-05-28,0.0,0.0,0.0,0.0,0.0
1425,MX909914,5,M,2019-05-28,3.0,2.5,2.75,2.625,2.688
1426,MX909962,5,M,2019-05-28,0.0,0.0,0.0,0.0,0.0
1427,MX909965,5,M,2019-05-28,14.0,15.0,2.0,6.0,15.0
1428,MX910039,5,M,2019-05-28,0.0,0.0,0.0,0.0,0.0
1429,MX910210,5,M,2019-05-28,1.0,0.0,0.0,0.0,0.0
1430,MX910559,5,M,2019-05-28,0.0,1.0,0.0,0.0,0.0
1431,MX910594,5,M,2019-05-28,3.0,2.5,2.75,2.625,2.688
1432,MX910756,5,M,2019-05-28,3.0,3.0,3.0,3.0,3.0
1433,MX910782,5,M,2019-05-28,0.0,0.0,0.0,0.0,0.0
1434,MX910864,5,M,2019-05-28,0.0,0.0,0.0,0.0,0.0
1435,MX911361,5,M,2019-05-28,1.0,1.0,1.0,1.0,1.0
1436,MX911362,5,M,2019-05-28,1.0,1.0,1.0,1.0,1.0
1437,MX911363,5,M,2019-05-28,1.0,1.0,1.0,1.0,1.0
1438,MX912414,5,M,2019-05-28,3.0,3.0,3.0,3.0,3.0
1439,MX912936,5,M,2019-05-28,10.0,9.0,8.0,7.0,30.0
1440,MX912938,5,M,2019-05-28,1.0,1.0,1.0,1.0,1.0
1441,MX912969,5,M,2019-05-28,0.0,0.0,0.0,0.0,0.0
1442,MX912978,5,M,2019-05-28,5.0,5.0,5.0,5.0,5.0
1443,MX912981,5,M,2019-05-28,5.0,5.0,5.0,5.0,5.0
1444,MX913148,5,M,2019-05-28,0.0,0.0,0.0,0.0,0.0
1445,MX913357,5,M,2019-05-28,21.0,6.0,15.0,17.0,10.0
1446,MX913549,5,M,2019-05-28,0.0,0.0,0.0,0.0,0.0
1447,MX913574,5,M,2019-05-28,3.0,3.0,3.0,3.0,3.0
1448,MX913810,5,M,2019-05-28,65.0,4.0,2.0,8.0,71.0
1449,MX914056,5,M,2019-05-28,3.0,3.0,3.0,3.0,3.0
1450,MX914506,5,M,2019-05-28,1.0,0.0,0.0,0.0,0.0
1451,MX914569,5,M,2019-05-28,1.0,1.0,1.0,1.0,1.0
1452,MX914664,5,M,2019-05-28,1.0,0.0,0.0,0.0,0.0
1453,MX914665,5,M,2019-05-28,1.0,0.0,0.0,0.0,0.0
1454,MX914873,5,M,2019-05-28,1.0,0.0,0.0,0.0,0.0
1455,MX914902,5,M,2019-05-28,0.0,0.0,0.0,0.0,0.0
1456,MX914915,5,M,2019-05-28,2.0,1.0,5.0,4.0,2.0
1457,MX915073,5,M,2019-05-28,0.0,0.0,0.0,0.0,0.0
1458,MX915075,5,M,2019-05-28,0.0,0.0,0.0,0.0,0.0
1459,MX915136,5,M,2019-05-28,9.0,10.0,8.0,5.0,9.0
1460,MX915566,5,M,2019-05-28,0.0,0.0,0.0,0.0,0.0
1461,MX916084,5,M,2019-05-28,1.0,1.0,1.0,1.0,1.0
1462,MX916246,5,M,2019-05-28,1.0,1.0,1.0,1.0,1.0
1463,MX916247,5,M,2019-05-28,3.0,3.0,3.0,3.0,3.0
1464,MX916248,5,M,2019-05-28,1.0,1.0,1.0,1.0,1.0
1465,MX916249,5,M,2019-05-28,1.0,1.0,1.0,1.0,1.0
1466,MX916470,5,M,2019-05-28,3.0,2.5,2.75,2.625,2.688
1467,MX917066,5,M,2019-05-28,0.0,0.0,0.0,0.0,0.0
1468,MX917068,5,M,2019-05-28,0.0,0.0,0.0,0.0,0.0
1469,MX917082,5,M,2019-05-28,0.0,0.0,0.0,0.0,0.0
1470,MX917101,5,M,2019-05-28,0.0,0.0,0.0,0.0,0.0
1471,MX917102,5,M,2019-05-28,0.0,0.0,0.0,0.0,0.0
1472,MX917103,5,M,2019-05-28,0.0,0.0,0.0,0.0,0.0
1473,MX917140,5,M,2019-05-28,2.0,2.0,1.0,2.0,2.0
1474,MX917145,5,M,2019-05-28,1.0,1.0,1.0,1.0,1.0
1475,MX917930,5,M,2019-05-28,3.0,3.0,3.0,3.0,3.0
1476,MX917942,5,M,2019-05-28,3.0,3.0,3.0,3.0,3.0
1477,MX917944,5,M,2019-05-28,1.0,1.0,1.0,1.0,1.0
1478,MX918018,5,M,2019-05-28,0.0,0.0,0.0,0.0,0.0
1479,MX918021,5,M,2019-05-28,0.0,0.0,0.0,0.0,0.0
1480,MX918022,5,M,2019-05-28,0.0,0.0,0.0,0.0,0.0
1481,MX918030,5,M,2019-05-28,1.0,1.0,1.0,1.0,1.0
1482,MX918033,5,M,2019-05-28,0.0,0.0,0.0,0.0,0.0
1483,MX918114,5,M,2019-05-28,1.0,1.0,1.0,1.0,1.0
1484,MX919364,5,M,2019-05-28,5.0,5.0,5.0,5.0,5.0
1485,MX919965,5,M,2019-05-28,5.0,5.0,5.0,5.0,5.0
1486,MX921077,5,M,2019-05-28,1.0,1.0,1.0,1.0,1.0
1487,MX922011,5,M,2019-05-28,0.0,0.0,0.0,0.0,0.0
1488,MX923857,5,M,2019-05-28,4.0,10.0,10.0,8.0,8.0
1489,MX924589,5,M,2019-05-28,0.0,0.0,0.0,0.0,0.0
1490,MX924890,5,M,2019-05-28,1.0,1.0,1.0,1.0,1.0
1491,MX925118,5,M,2019-05-28,0.0,0.0,0.0,0.0,0.0
1492,MX926111,5,M,2019-05-28,1.0,0.0,0.0,0.0,0.0
1493,MX927088,5,M,2019-05-28,7.0,5.0,9.0,6.0,5.0
1494,MX928085,5,M,2019-05-28,3.75,3.125,3.438,3.281,3.359
1495,MX928097,5,M,2019-05-28,0.0,0.0,0.0,0.0,0.0
1496,MX928284,5,M,2019-05-28,1.0,1.0,1.0,1.0,1.0
1497,MX928506,5,M,2019-05-28,1.0,1.0,1.0,1.0,1.0
1498,MX928507,5,M,2019-05-28,0.0,0.0,0.0,0.0,0.0
1499,MX928612,5,M,2019-05-28,0.0,0.0,0.0,0.0,0.0
1500,MX928706,5,M,2019-05-28,0.0,0.0,0.0,0.0,0.0
1501,MX929041,5,M,2019-05-28,0.0,0.0,0.0,0.0,0.0
1502,MX929626,5,M,2019-05-28,0.0,0.0,0.0,0.0,0.0
1503,MX929692,5,M,2019-05-28,1.0,1.0,1.0,1.0,1.0
1504,MX930003,5,M,2019-05-28,1.0,0.0,0.0,1.0,0.0
1505,MX930201,5,M,2019-05-28,1.5,1.25,1.375,1.312,1.344
1506,MX931025,5,M,2019-05-28,0.0,0.0,0.0,0.0,0.0
1507,MX931212,5,M,2019-05-28,3.0,2.5,2.75,2.625,2.688
1508,MX931342,5,M,2019-05-28,0.0,0.0,0.0,0.0,0.0
1509,MX932314,5,M,2019-05-28,0.0,0.0,0.0,0.0,0.0
1510,MX932787,5,M,2019-05-28,0.0,0.0,0.0,0.0,0.0
1511,MX932788,5,M,2019-05-28,0.75,0.625,0.688,0.656,0.672
1512,MX932789,5,M,2019-05-28,0.0,0.0,0.0,0.0,0.0
1513,MX932791,5,M,2019-05-28,0.0,0.0,0.0,0.0,0.0
1514,MX932821,5,M,2019-05-28,0.0,0.0,0.0,0.0,0.0
1515,MX933426,5,M,2019-05-28,3.0,2.5,2.75,2.625,2.688
1516,MX933443,5,M,2019-05-28,1.0,1.0,1.0,1.0,1.0
1517,MX933446,5,M,2019-05-28,0.0,0.0,0.0,0.0,0.0
1518,MX933447,5,M,2019-05-28,2.25,1.875,2.062,1.969,2.016
1519,MX933633,5,M,2019-05-28,0.0,0.0,0.0,0.0,0.0
1520,MX933698,5,M,2019-05-28,0.0,0.0,0.0,0.0,0.0
1521,MX933872,5,M,2019-05-28,0.0,0.0,0.0,0.0,1.0
1522,MX934041,5,M,2019-05-28,0.0,0.0,0.0,0.0,0.0
1523,MX934140,5,M,2019-05-28,0.0,0.0,0.0,0.0,0.0
1524,MX934314,5,M,2019-05-28,1.0,1.0,1.0,1.0,1.0
1525,MX934336,5,M,2019-05-28,3.0,2.5,2.75,2.625,2.688
1526,MX934388,5,M,2019-05-28,3.0,2.5,2.75,2.625,2.688
1527,MX934582,5,M,2019-05-28,3.75,3.125,3.438,3.281,3.359
1528,MX934583,5,M,2019-05-28,3.75,3.125,3.438,3.281,3.359
1529,MX934584,5,M,2019-05-28,3.75,3.125,3.438,3.281,3.359
1530,MX934639,5,M,2019-05-28,2.25,1.875,2.062,1.969,2.016
1531,MX934722,5,M,2019-05-28,1.0,1.0,1.0,1.0,1.0
1532,MX934832,5,M,2019-05-28,0.0,0.0,0.0,0.0,0.0
1533,MX934835,5,M,2019-05-28,0.0,1.0,0.0,0.0,0.0
1534,MX935942,5,M,2019-05-28,0.0,0.0,0.0,0.0,0.0
1535,MX937107,5,M,2019-05-28,0.0,1.0,1.0,1.0,1.0
1536,MX937355,5,M,2019-05-28,0.0,0.0,0.0,0.0,0.0
1537,MX937554,5,M,2019-05-28,0.0,0.0,0.0,0.0,0.0
1538,MX937592,5,M,2019-05-28,3.0,3.0,3.0,3.0,3.0
1539,MX937910,5,M,2019-05-28,1.0,1.0,1.0,1.0,1.0
1540,MX938276,5,M,2019-05-28,0.0,0.0,0.0,0.0,0.0
1541,MX938391,5,M,2019-05-28,1.0,1.0,1.0,1.0,1.0
1542,MX938418,5,M,2019-05-28,1.0,0.0,0.0,0.0,0.0
1543,MX938743,5,M,2019-05-28,1.0,1.0,1.0,1.0,1.0
1544,MX938897,5,M,2019-05-28,0.0,0.0,0.0,0.0,0.0
1545,MX939275,5,M,2019-05-28,0.0,0.0,0.0,0.0,0.0
1546,MX939682,5,M,2019-05-28,0.0,0.0,0.0,0.0,0.0
1547,MX939686,5,M,2019-05-28,0.0,1.0,1.0,1.0,1.0
1548,MX939688,5,M,2019-05-28,2.0,2.0,2.0,2.0,2.0
1549,MX939689,5,M,2019-05-28,2.0,2.0,2.0,2.0,2.0
1550,MX939850,5,M,2019-05-28,10.0,8.0,8.0,8.0,8.0
1551,MX940108,5,M,2019-05-28,1.0,1.0,1.0,1.0,1.0
1552,MX940307,5,M,2019-05-28,3.75,3.125,3.438,3.281,3.359
1553,MX940660,5,M,2019-05-28,1.5,1.25,1.375,1.312,1.344
1554,MX942895,5,M,2019-05-28,4.0,4.0,4.0,4.0,4.0
1555,MX942903,5,M,2019-05-28,3.0,3.0,3.0,3.0,3.0
1556,MX942904,5,M,2019-05-28,3.0,3.0,3.0,3.0,3.0
1557,MX945664,5,M,2019-05-28,0.75,0.625,0.688,0.656,0.672
1558,MX945665,5,M,2019-05-28,0.75,0.625,0.688,0.656,0.672
1559,MX945769,5,M,2019-05-28,3.75,3.125,3.438,3.281,3.359
1560,MX945770,5,M,2019-05-28,3.75,3.125,3.438,3.281,3.359
1561,MX945776,5,M,2019-05-28,1.0,2.0,1.0,1.0,1.0
1562,MX946391,5,M,2019-05-28,0.0,0.0,0.0,0.0,0.0
1563,MX947327,5,M,2019-05-28,0.0,0.0,0.0,0.0,0.0
1564,MX947795,5,M,2019-05-28,0.0,0.0,0.0,0.0,0.0
1565,MX947796,5,M,2019-05-28,0.0,0.0,0.0,0.0,0.0
1566,MX947798,5,M,2019-05-28,0.0,0.0,0.0,0.0,0.0
1567,MX947799,5,M,2019-05-28,0.0,0.0,0.0,0.0,0.0
1568,MX947802,5,M,2019-05-28,0.0,0.0,0.0,0.0,0.0
1569,QA106713,5,M,2019-05-28,5.0,5.0,5.0,5.0,5.0
1570,QA106979,5,M,2019-05-28,2.0,2.0,2.0,2.0,2.0
1571,QC000010,5,M,2019-05-28,3.0,2.5,2.75,2.625,2.688
1572,QC000011,5,M,2019-05-28,3.0,2.5,2.75,2.625,2.688
1573,QC000046,5,M,2019-05-28,6.0,8.0,10.0,4.0,7.0
1574,QC000124,5,M,2019-05-28,2.0,13.0,7.0,2.0,13.0
1575,QC000199,5,M,2019-05-28,0.0,0.0,1.0,0.0,0.0
1576,QC000249,5,M,2019-05-28,0.0,0.0,0.0,0.0,0.0
1577,QC000272,5,M,2019-05-28,0.0,0.0,0.0,0.0,0.0
1578,QC000273,5,M,2019-05-28,0.0,0.0,0.0,0.0,0.0
1579,QC000490,5,M,2019-05-28,10.0,69.0,64.0,64.0,40.0
1580,QC000585,5,M,2019-05-28,16.0,16.0,14.0,14.0,15.0
1581,QC000687,5,M,2019-05-28,1.0,1.0,1.0,1.0,1.0
1582,QY009006,5,M,2019-05-28,35.0,35.0,66.0,9.0,2.0
1583,QY010009,5,M,2019-05-28,5.0,4.0,5.0,5.0,5.0
1584,QY012084,5,M,2019-05-28,5.0,4.0,1.0,1.0,24.0
1585,QY012363,5,M,2019-05-28,0.0,0.0,0.0,0.0,0.0
1586,QY012373,5,M,2019-05-28,0.0,0.0,0.0,0.0,0.0
1587,QY012379,5,M,2019-05-28,0.0,0.0,0.0,0.0,0.0
1588,QZ010758,5,M,2019-05-28,27.0,15.0,5.0,27.0,15.0
1589,QZ030392,5,M,2019-05-28,4.0,4.0,4.0,4.0,4.0
1590,QZ049913,5,M,2019-05-28,0.0,0.0,0.0,0.0,0.0
1591,QZ049915,5,M,2019-05-28,0.0,0.0,0.0,0.0,0.0
1592,S006420808,5,M,2019-05-28,4.0,4.0,4.0,4.0,4.0
1593,S110430920,5,M,2019-05-28,4.0,4.0,4.0,4.0,4.0
1594,S110497750,5,M,2019-05-28,4.0,4.0,4.0,4.0,4.0
1595,S540364000,5,M,2019-05-28,0.0,0.0,0.0,0.0,1.0
1596,S540365000,5,M,2019-05-28,0.0,0.0,0.0,0.0,0.0
1597,S570513000,5,M,2019-05-28,2.0,2.0,2.0,2.0,2.0
1598,S746173010,5,M,2019-05-28,3.0,3.0,3.0,3.0,3.0
