,id
0,1001
1,1003
2,1005
3,1007
4,1009
5,1011
6,1013
7,1015
8,1017
9,1019
10,1021
11,1023
12,1025
13,1027
14,1029
15,1031
16,1033
17,1035
18,1037
19,1039
20,1041
21,1043
22,1045
23,1047
24,1049
25,1051
26,1053
27,1055
28,1057
29,1059
30,1061
31,1063
32,1065
33,1067
34,1069
35,1071
36,1073
37,1075
38,1077
39,1079
40,1081
41,1083
42,1085
43,1087
44,1089
45,1091
46,1093
47,1095
48,1097
49,1099
50,1101
51,1103
52,1105
53,1107
54,1109
55,1111
56,1113
57,1115
58,1117
59,1119
60,1121
61,1123
62,1125
63,1127
64,1129
65,1131
66,1133
67,2013
68,2016
69,2020
70,2050
71,2060
72,2068
73,2070
74,2090
75,2100
76,2110
77,2122
78,2130
79,2150
80,2164
81,2170
82,2180
83,2185
84,2188
85,2201
86,2220
87,2232
88,2240
89,2261
90,2270
91,2280
92,2282
93,2290
94,4001
95,4003
96,4005
97,4007
98,4009
99,4011
100,4012
101,4013
102,4015
103,4017
104,4019
105,4021
106,4023
107,4025
108,4027
109,5001
110,5003
111,5005
112,5007
113,5009
114,5011
115,5013
116,5015
117,5017
118,5019
119,5021
120,5023
121,5025
122,5027
123,5029
124,5031
125,5033
126,5035
127,5037
128,5039
129,5041
130,5043
131,5045
132,5047
133,5049
134,5051
135,5053
136,5055
137,5057
138,5059
139,5061
140,5063
141,5065
142,5067
143,5069
144,5071
145,5073
146,5075
147,5077
148,5079
149,5081
150,5083
151,5085
152,5087
153,5089
154,5091
155,5093
156,5095
157,5097
158,5099
159,5101
160,5103
161,5105
162,5107
163,5109
164,5111
165,5113
166,5115
167,5117
168,5119
169,5121
170,5123
171,5125
172,5127
173,5129
174,5131
175,5133
176,5135
177,5137
178,5139
179,5141
180,5143
181,5145
182,5147
183,5149
184,6001
185,6003
186,6005
187,6007
188,6009
189,6011
190,6013
191,6015
192,6017
193,6019
194,6021
195,6023
196,6025
197,6027
198,6029
199,6031
200,6033
201,6035
202,6037
203,6039
204,6041
205,6043
206,6045
207,6047
208,6049
209,6051
210,6053
211,6055
212,6057
213,6059
214,6061
215,6063
216,6065
217,6067
218,6069
219,6071
220,6073
221,6075
222,6077
223,6079
224,6081
225,6083
226,6085
227,6087
228,6089
229,6091
230,6093
231,6095
232,6097
233,6099
234,6101
235,6103
236,6105
237,6107
238,6109
239,6111
240,6113
241,6115
242,8001
243,8003
244,8005
245,8007
246,8009
247,8011
248,8013
249,8014
250,8015
251,8017
252,8019
253,8021
254,8023
255,8025
256,8027
257,8029
258,8031
259,8033
260,8035
261,8037
262,8039
263,8041
264,8043
265,8045
266,8047
267,8049
268,8051
269,8053
270,8055
271,8057
272,8059
273,8061
274,8063
275,8065
276,8067
277,8069
278,8071
279,8073
280,8075
281,8077
282,8079
283,8081
284,8083
285,8085
286,8087
287,8089
288,8091
289,8093
290,8095
291,8097
292,8099
293,8101
294,8103
295,8105
296,8107
297,8109
298,8111
299,8113
300,8115
301,8117
302,8119
303,8121
304,8123
305,8125
306,9001
307,9003
308,9005
309,9007
310,9009
311,9011
312,9013
313,9015
314,10001
315,10003
316,10005
317,11001
318,12001
319,12003
320,12005
321,12007
322,12009
323,12011
324,12013
325,12015
326,12017
327,12019
328,12021
329,12023
330,12027
331,12029
332,12031
333,12033
334,12035
335,12037
336,12039
337,12041
338,12043
339,12045
340,12047
341,12049
342,12051
343,12053
344,12055
345,12057
346,12059
347,12061
348,12063
349,12065
350,12067
351,12069
352,12071
353,12073
354,12075
355,12077
356,12079
357,12081
358,12083
359,12085
360,12086
361,12087
362,12089
363,12091
364,12093
365,12095
366,12097
367,12099
368,12101
369,12103
370,12105
371,12107
372,12109
373,12111
374,12113
375,12115
376,12117
377,12119
378,12121
379,12123
380,12125
381,12127
382,12129
383,12131
384,12133
385,13001
386,13003
387,13005
388,13007
389,13009
390,13011
391,13013
392,13015
393,13017
394,13019
395,13021
396,13023
397,13025
398,13027
399,13029
400,13031
401,13033
402,13035
403,13037
404,13039
405,13043
406,13045
407,13047
408,13049
409,13051
410,13053
411,13055
412,13057
413,13059
414,13061
415,13063
416,13065
417,13067
418,13069
419,13071
420,13073
421,13075
422,13077
423,13079
424,13081
425,13083
426,13085
427,13087
428,13089
429,13091
430,13093
431,13095
432,13097
433,13099
434,13101
435,13103
436,13105
437,13107
438,13109
439,13111
440,13113
441,13115
442,13117
443,13119
444,13121
445,13123
446,13125
447,13127
448,13129
449,13131
450,13133
451,13135
452,13137
453,13139
454,13141
455,13143
456,13145
457,13147
458,13149
459,13151
460,13153
461,13155
462,13157
463,13159
464,13161
465,13163
466,13165
467,13167
468,13169
469,13171
470,13173
471,13175
472,13177
473,13179
474,13181
475,13183
476,13185
477,13187
478,13189
479,13191
480,13193
481,13195
482,13197
483,13199
484,13201
485,13205
486,13207
487,13209
488,13211
489,13213
490,13215
491,13217
492,13219
493,13221
494,13223
495,13225
496,13227
497,13229
498,13231
499,13233
500,13235
501,13237
502,13239
503,13241
504,13243
505,13245
506,13247
507,13249
508,13251
509,13253
510,13255
511,13257
512,13259
513,13261
514,13263
515,13265
516,13267
517,13269
518,13271
519,13273
520,13275
521,13277
522,13279
523,13281
524,13283
525,13285
526,13287
527,13289
528,13291
529,13293
530,13295
531,13297
532,13299
533,13301
534,13303
535,13305
536,13307
537,13309
538,13311
539,13313
540,13315
541,13317
542,13319
543,13321
544,15001
545,15003
546,15007
547,15009
548,16001
549,16003
550,16005
551,16007
552,16009
553,16011
554,16013
555,16015
556,16017
557,16019
558,16021
559,16023
560,16025
561,16027
562,16029
563,16031
564,16033
565,16035
566,16037
567,16039
568,16041
569,16043
570,16045
571,16047
572,16049
573,16051
574,16053
575,16055
576,16057
577,16059
578,16061
579,16063
580,16065
581,16067
582,16069
583,16071
584,16073
585,16075
586,16077
587,16079
588,16081
589,16083
590,16085
591,16087
592,17001
593,17003
594,17005
595,17007
596,17009
597,17011
598,17013
599,17015
600,17017
601,17019
602,17021
603,17023
604,17025
605,17027
606,17029
607,17031
608,17033
609,17035
610,17037
611,17039
612,17041
613,17043
614,17045
615,17047
616,17049
617,17051
618,17053
619,17055
620,17057
621,17059
622,17061
623,17063
624,17065
625,17067
626,17069
627,17071
628,17073
629,17075
630,17077
631,17079
632,17081
633,17083
634,17085
635,17087
636,17089
637,17091
638,17093
639,17095
640,17097
641,17099
642,17101
643,17103
644,17105
645,17107
646,17109
647,17111
648,17113
649,17115
650,17117
651,17119
652,17121
653,17123
654,17125
655,17127
656,17129
657,17131
658,17133
659,17135
660,17137
661,17139
662,17141
663,17143
664,17145
665,17147
666,17149
667,17151
668,17153
669,17155
670,17157
671,17159
672,17161
673,17163
674,17165
675,17167
676,17169
677,17171
678,17173
679,17175
680,17177
681,17179
682,17181
683,17183
684,17185
685,17187
686,17189
687,17191
688,17193
689,17195
690,17197
691,17199
692,17201
693,17203
694,18001
695,18003
696,18005
697,18007
698,18009
699,18011
700,18013
701,18015
702,18017
703,18019
704,18021
705,18023
706,18025
707,18027
708,18029
709,18031
710,18033
711,18035
712,18037
713,18039
714,18041
715,18043
716,18045
717,18047
718,18049
719,18051
720,18053
721,18055
722,18057
723,18059
724,18061
725,18063
726,18065
727,18067
728,18069
729,18071
730,18073
731,18075
732,18077
733,18079
734,18081
735,18083
736,18085
737,18087
738,18089
739,18091
740,18093
741,18095
742,18097
743,18099
744,18101
745,18103
746,18105
747,18107
748,18109
749,18111
750,18113
751,18115
752,18117
753,18119
754,18121
755,18123
756,18125
757,18127
758,18129
759,18131
760,18133
761,18135
762,18137
763,18139
764,18141
765,18143
766,18145
767,18147
768,18149
769,18151
770,18153
771,18155
772,18157
773,18159
774,18161
775,18163
776,18165
777,18167
778,18169
779,18171
780,18173
781,18175
782,18177
783,18179
784,18181
785,18183
786,19001
787,19003
788,19005
789,19007
790,19009
791,19011
792,19013
793,19015
794,19017
795,19019
796,19021
797,19023
798,19025
799,19027
800,19029
801,19031
802,19033
803,19035
804,19037
805,19039
806,19041
807,19043
808,19045
809,19047
810,19049
811,19051
812,19053
813,19055
814,19057
815,19059
816,19061
817,19063
818,19065
819,19067
820,19069
821,19071
822,19073
823,19075
824,19077
825,19079
826,19081
827,19083
828,19085
829,19087
830,19089
831,19091
832,19093
833,19095
834,19097
835,19099
836,19101
837,19103
838,19105
839,19107
840,19109
841,19111
842,19113
843,19115
844,19117
845,19119
846,19121
847,19123
848,19125
849,19127
850,19129
851,19131
852,19133
853,19135
854,19137
855,19139
856,19141
857,19143
858,19145
859,19147
860,19149
861,19151
862,19153
863,19155
864,19157
865,19159
866,19161
867,19163
868,19165
869,19167
870,19169
871,19171
872,19173
873,19175
874,19177
875,19179
876,19181
877,19183
878,19185
879,19187
880,19189
881,19191
882,19193
883,19195
884,19197
885,20001
886,20003
887,20005
888,20007
889,20009
890,20011
891,20013
892,20015
893,20017
894,20019
895,20021
896,20023
897,20025
898,20027
899,20029
900,20031
901,20033
902,20035
903,20037
904,20039
905,20041
906,20043
907,20045
908,20047
909,20049
910,20051
911,20053
912,20055
913,20057
914,20059
915,20061
916,20063
917,20065
918,20067
919,20069
920,20071
921,20073
922,20075
923,20077
924,20079
925,20081
926,20083
927,20085
928,20087
929,20089
930,20091
931,20093
932,20095
933,20097
934,20099
935,20101
936,20103
937,20105
938,20107
939,20109
940,20111
941,20113
942,20115
943,20117
944,20119
945,20121
946,20123
947,20125
948,20127
949,20129
950,20131
951,20133
952,20135
953,20137
954,20139
955,20141
956,20143
957,20145
958,20147
959,20149
960,20151
961,20153
962,20155
963,20157
964,20159
965,20161
966,20163
967,20165
968,20167
969,20169
970,20171
971,20173
972,20175
973,20177
974,20179
975,20181
976,20183
977,20185
978,20187
979,20189
980,20191
981,20193
982,20195
983,20197
984,20199
985,20201
986,20203
987,20205
988,20207
989,20209
990,21001
991,21003
992,21005
993,21007
994,21009
995,21011
996,21013
997,21015
998,21017
999,21019
1000,21021
1001,21023
1002,21025
1003,21027
1004,21029
1005,21031
1006,21033
1007,21035
1008,21037
1009,21039
1010,21041
1011,21043
1012,21045
1013,21047
1014,21049
1015,21051
1016,21053
1017,21055
1018,21057
1019,21059
1020,21061
1021,21063
1022,21065
1023,21067
1024,21069
1025,21071
1026,21073
1027,21075
1028,21077
1029,21079
1030,21081
1031,21083
1032,21085
1033,21087
1034,21089
1035,21091
1036,21093
1037,21095
1038,21097
1039,21099
1040,21101
1041,21103
1042,21105
1043,21107
1044,21109
1045,21111
1046,21113
1047,21115
1048,21117
1049,21119
1050,21121
1051,21123
1052,21125
1053,21127
1054,21129
1055,21131
1056,21133
1057,21135
1058,21137
1059,21139
1060,21141
1061,21143
1062,21145
1063,21147
1064,21149
1065,21151
1066,21153
1067,21155
1068,21157
1069,21159
1070,21161
1071,21163
1072,21165
1073,21167
1074,21169
1075,21171
1076,21173
1077,21175
1078,21177
1079,21179
1080,21181
1081,21183
1082,21185
1083,21187
1084,21189
1085,21191
1086,21193
1087,21195
1088,21197
1089,21199
1090,21201
1091,21203
1092,21205
1093,21207
1094,21209
1095,21211
1096,21213
1097,21215
1098,21217
1099,21219
1100,21221
1101,21223
1102,21225
1103,21227
1104,21229
1105,21231
1106,21233
1107,21235
1108,21237
1109,21239
1110,22001
1111,22003
1112,22005
1113,22007
1114,22009
1115,22011
1116,22013
1117,22015
1118,22017
1119,22019
1120,22021
1121,22023
1122,22025
1123,22027
1124,22029
1125,22031
1126,22033
1127,22035
1128,22037
1129,22039
1130,22041
1131,22043
1132,22045
1133,22047
1134,22049
1135,22051
1136,22053
1137,22055
1138,22057
1139,22059
1140,22061
1141,22063
1142,22065
1143,22067
1144,22069
1145,22071
1146,22073
1147,22075
1148,22077
1149,22079
1150,22081
1151,22083
1152,22085
1153,22087
1154,22089
1155,22091
1156,22093
1157,22095
1158,22097
1159,22099
1160,22101
1161,22103
1162,22105
1163,22107
1164,22109
1165,22111
1166,22113
1167,22115
1168,22117
1169,22119
1170,22121
1171,22123
1172,22125
1173,22127
1174,23001
1175,23003
1176,23005
1177,23007
1178,23009
1179,23011
1180,23013
1181,23015
1182,23017
1183,23019
1184,23021
1185,23023
1186,23025
1187,23027
1188,23029
1189,23031
1190,24001
1191,24003
1192,24005
1193,24009
1194,24011
1195,24013
1196,24015
1197,24017
1198,24019
1199,24021
1200,24023
1201,24025
1202,24027
1203,24029
1204,24031
1205,24033
1206,24035
1207,24037
1208,24039
1209,24041
1210,24043
1211,24045
1212,24047
1213,24510
1214,25001
1215,25003
1216,25005
1217,25007
1218,25009
1219,25011
1220,25013
1221,25015
1222,25017
1223,25019
1224,25021
1225,25023
1226,25025
1227,25027
1228,26001
1229,26003
1230,26005
1231,26007
1232,26009
1233,26011
1234,26013
1235,26015
1236,26017
1237,26019
1238,26021
1239,26023
1240,26025
1241,26027
1242,26029
1243,26031
1244,26033
1245,26035
1246,26037
1247,26039
1248,26041
1249,26043
1250,26045
1251,26047
1252,26049
1253,26051
1254,26053
1255,26055
1256,26057
1257,26059
1258,26061
1259,26063
1260,26065
1261,26067
1262,26069
1263,26071
1264,26073
1265,26075
1266,26077
1267,26079
1268,26081
1269,26083
1270,26085
1271,26087
1272,26089
1273,26091
1274,26093
1275,26095
1276,26097
1277,26099
1278,26101
1279,26103
1280,26105
1281,26107
1282,26109
1283,26111
1284,26113
1285,26115
1286,26117
1287,26119
1288,26121
1289,26123
1290,26125
1291,26127
1292,26129
1293,26131
1294,26133
1295,26135
1296,26137
1297,26139
1298,26141
1299,26143
1300,26145
1301,26147
1302,26149
1303,26151
1304,26153
1305,26155
1306,26157
1307,26159
1308,26161
1309,26163
1310,26165
1311,27001
1312,27003
1313,27005
1314,27007
1315,27009
1316,27011
1317,27013
1318,27015
1319,27017
1320,27019
1321,27021
1322,27023
1323,27025
1324,27027
1325,27029
1326,27031
1327,27033
1328,27035
1329,27037
1330,27039
1331,27041
1332,27043
1333,27045
1334,27047
1335,27049
1336,27051
1337,27053
1338,27055
1339,27057
1340,27059
1341,27061
1342,27063
1343,27065
1344,27067
1345,27069
1346,27071
1347,27073
1348,27075
1349,27077
1350,27079
1351,27081
1352,27083
1353,27085
1354,27087
1355,27089
1356,27091
1357,27093
1358,27095
1359,27097
1360,27099
1361,27101
1362,27103
1363,27105
1364,27107
1365,27109
1366,27111
1367,27113
1368,27115
1369,27117
1370,27119
1371,27121
1372,27123
1373,27125
1374,27127
1375,27129
1376,27131
1377,27133
1378,27135
1379,27137
1380,27139
1381,27141
1382,27143
1383,27145
1384,27147
1385,27149
1386,27151
1387,27153
1388,27155
1389,27157
1390,27159
1391,27161
1392,27163
1393,27165
1394,27167
1395,27169
1396,27171
1397,27173
1398,28001
1399,28003
1400,28005
1401,28007
1402,28009
1403,28011
1404,28013
1405,28015
1406,28017
1407,28019
1408,28021
1409,28023
1410,28025
1411,28027
1412,28029
1413,28031
1414,28033
1415,28035
1416,28037
1417,28039
1418,28041
1419,28043
1420,28045
1421,28047
1422,28049
1423,28051
1424,28053
1425,28055
1426,28057
1427,28059
1428,28061
1429,28063
1430,28065
1431,28067
1432,28069
1433,28071
1434,28073
1435,28075
1436,28077
1437,28079
1438,28081
1439,28083
1440,28085
1441,28087
1442,28089
1443,28091
1444,28093
1445,28095
1446,28097
1447,28099
1448,28101
1449,28103
1450,28105
1451,28107
1452,28109
1453,28111
1454,28113
1455,28115
1456,28117
1457,28119
1458,28121
1459,28123
1460,28125
1461,28127
1462,28129
1463,28131
1464,28133
1465,28135
1466,28137
1467,28139
1468,28141
1469,28143
1470,28145
1471,28147
1472,28149
1473,28151
1474,28153
1475,28155
1476,28157
1477,28159
1478,28161
1479,28163
1480,29001
1481,29003
1482,29005
1483,29007
1484,29009
1485,29011
1486,29013
1487,29015
1488,29017
1489,29019
1490,29021
1491,29023
1492,29025
1493,29027
1494,29029
1495,29031
1496,29033
1497,29035
1498,29037
1499,29039
1500,29041
1501,29043
1502,29045
1503,29047
1504,29049
1505,29051
1506,29053
1507,29055
1508,29057
1509,29059
1510,29061
1511,29063
1512,29065
1513,29067
1514,29069
1515,29071
1516,29073
1517,29075
1518,29077
1519,29079
1520,29081
1521,29083
1522,29085
1523,29087
1524,29089
1525,29091
1526,29093
1527,29095
1528,29097
1529,29099
1530,29101
1531,29103
1532,29105
1533,29107
1534,29109
1535,29111
1536,29113
1537,29115
1538,29117
1539,29119
1540,29121
1541,29123
1542,29125
1543,29127
1544,29129
1545,29131
1546,29133
1547,29135
1548,29137
1549,29139
1550,29141
1551,29143
1552,29145
1553,29147
1554,29149
1555,29151
1556,29153
1557,29155
1558,29157
1559,29159
1560,29161
1561,29163
1562,29165
1563,29167
1564,29169
1565,29171
1566,29173
1567,29175
1568,29177
1569,29179
1570,29181
1571,29183
1572,29185
1573,29186
1574,29187
1575,29189
1576,29195
1577,29197
1578,29199
1579,29201
1580,29203
1581,29205
1582,29207
1583,29209
1584,29211
1585,29213
1586,29215
1587,29217
1588,29219
1589,29221
1590,29223
1591,29225
1592,29227
1593,29229
1594,29510
1595,30001
1596,30003
1597,30005
1598,30007
1599,30009
1600,30011
1601,30013
1602,30015
1603,30017
1604,30019
1605,30021
1606,30023
1607,30025
1608,30027
1609,30029
1610,30031
1611,30033
1612,30035
1613,30037
1614,30039
1615,30041
1616,30043
1617,30045
1618,30047
1619,30049
1620,30051
1621,30053
1622,30055
1623,30057
1624,30059
1625,30061
1626,30063
1627,30065
1628,30067
1629,30069
1630,30071
1631,30073
1632,30075
1633,30077
1634,30079
1635,30081
1636,30083
1637,30085
1638,30087
1639,30089
1640,30091
1641,30093
1642,30095
1643,30097
1644,30099
1645,30101
1646,30103
1647,30105
1648,30107
1649,30109
1650,30111
1651,31001
1652,31003
1653,31005
1654,31007
1655,31009
1656,31011
1657,31013
1658,31015
1659,31017
1660,31019
1661,31021
1662,31023
1663,31025
1664,31027
1665,31029
1666,31031
1667,31033
1668,31035
1669,31037
1670,31039
1671,31041
1672,31043
1673,31045
1674,31047
1675,31049
1676,31051
1677,31053
1678,31055
1679,31057
1680,31059
1681,31061
1682,31063
1683,31065
1684,31067
1685,31069
1686,31071
1687,31073
1688,31075
1689,31077
1690,31079
1691,31081
1692,31083
1693,31085
1694,31087
1695,31089
1696,31091
1697,31093
1698,31095
1699,31097
1700,31099
1701,31101
1702,31103
1703,31105
1704,31107
1705,31109
1706,31111
1707,31113
1708,31115
1709,31117
1710,31119
1711,31121
1712,31123
1713,31125
1714,31127
1715,31129
1716,31131
1717,31133
1718,31135
1719,31137
1720,31139
1721,31141
1722,31143
1723,31145
1724,31147
1725,31149
1726,31151
1727,31153
1728,31155
1729,31157
1730,31159
1731,31161
1732,31163
1733,31165
1734,31167
1735,31169
1736,31171
1737,31173
1738,31175
1739,31177
1740,31179
1741,31181
1742,31183
1743,31185
1744,32001
1745,32003
1746,32005
1747,32007
1748,32009
1749,32011
1750,32013
1751,32015
1752,32017
1753,32019
1754,32021
1755,32023
1756,32027
1757,32029
1758,32031
1759,32033
1760,32510
1761,33001
1762,33003
1763,33005
1764,33007
1765,33009
1766,33011
1767,33013
1768,33015
1769,33017
1770,33019
1771,34001
1772,34003
1773,34005
1774,34007
1775,34009
1776,34011
1777,34013
1778,34015
1779,34017
1780,34019
1781,34021
1782,34023
1783,34025
1784,34027
1785,34029
1786,34031
1787,34033
1788,34035
1789,34037
1790,34039
1791,34041
1792,35001
1793,35003
1794,35005
1795,35006
1796,35007
1797,35009
1798,35011
1799,35013
1800,35015
1801,35017
1802,35019
1803,35021
1804,35023
1805,35025
1806,35027
1807,35028
1808,35029
1809,35031
1810,35033
1811,35035
1812,35037
1813,35039
1814,35041
1815,35043
1816,35045
1817,35047
1818,35049
1819,35051
1820,35053
1821,35055
1822,35057
1823,35059
1824,35061
1825,36001
1826,36003
1827,36005
1828,36007
1829,36009
1830,36011
1831,36013
1832,36015
1833,36017
1834,36019
1835,36021
1836,36023
1837,36025
1838,36027
1839,36029
1840,36031
1841,36033
1842,36035
1843,36037
1844,36039
1845,36041
1846,36043
1847,36045
1848,36047
1849,36049
1850,36051
1851,36053
1852,36055
1853,36057
1854,36059
1855,36061
1856,36063
1857,36065
1858,36067
1859,36069
1860,36071
1861,36073
1862,36075
1863,36077
1864,36079
1865,36081
1866,36083
1867,36085
1868,36087
1869,36089
1870,36091
1871,36093
1872,36095
1873,36097
1874,36099
1875,36101
1876,36103
1877,36105
1878,36107
1879,36109
1880,36111
1881,36113
1882,36115
1883,36117
1884,36119
1885,36121
1886,36123
1887,37001
1888,37003
1889,37005
1890,37007
1891,37009
1892,37011
1893,37013
1894,37015
1895,37017
1896,37019
1897,37021
1898,37023
1899,37025
1900,37027
1901,37029
1902,37031
1903,37033
1904,37035
1905,37037
1906,37039
1907,37041
1908,37043
1909,37045
1910,37047
1911,37049
1912,37051
1913,37053
1914,37055
1915,37057
1916,37059
1917,37061
1918,37063
1919,37065
1920,37067
1921,37069
1922,37071
1923,37073
1924,37075
1925,37077
1926,37079
1927,37081
1928,37083
1929,37085
1930,37087
1931,37089
1932,37091
1933,37093
1934,37095
1935,37097
1936,37099
1937,37101
1938,37103
1939,37105
1940,37107
1941,37109
1942,37111
1943,37113
1944,37115
1945,37117
1946,37119
1947,37121
1948,37123
1949,37125
1950,37127
1951,37129
1952,37131
1953,37133
1954,37135
1955,37137
1956,37139
1957,37141
1958,37143
1959,37145
1960,37147
1961,37149
1962,37151
1963,37153
1964,37155
1965,37157
1966,37159
1967,37161
1968,37163
1969,37165
1970,37167
1971,37169
1972,37171
1973,37173
1974,37175
1975,37177
1976,37179
1977,37181
1978,37183
1979,37185
1980,37187
1981,37189
1982,37191
1983,37193
1984,37195
1985,37197
1986,37199
1987,38001
1988,38003
1989,38005
1990,38007
1991,38009
1992,38011
1993,38013
1994,38015
1995,38017
1996,38019
1997,38021
1998,38023
1999,38025
2000,38027
2001,38029
2002,38031
2003,38033
2004,38035
2005,38037
2006,38039
2007,38041
2008,38043
2009,38045
2010,38047
2011,38049
2012,38051
2013,38053
2014,38055
2015,38057
2016,38059
2017,38061
2018,38063
2019,38065
2020,38067
2021,38069
2022,38071
2023,38073
2024,38075
2025,38077
2026,38079
2027,38081
2028,38083
2029,38085
2030,38087
2031,38089
2032,38091
2033,38093
2034,38095
2035,38097
2036,38099
2037,38101
2038,38103
2039,38105
2040,39001
2041,39003
2042,39005
2043,39007
2044,39009
2045,39011
2046,39013
2047,39015
2048,39017
2049,39019
2050,39021
2051,39023
2052,39025
2053,39027
2054,39029
2055,39031
2056,39033
2057,39035
2058,39037
2059,39039
2060,39041
2061,39043
2062,39045
2063,39047
2064,39049
2065,39051
2066,39053
2067,39055
2068,39057
2069,39059
2070,39061
2071,39063
2072,39065
2073,39067
2074,39069
2075,39071
2076,39073
2077,39075
2078,39077
2079,39079
2080,39081
2081,39083
2082,39085
2083,39087
2084,39089
2085,39091
2086,39093
2087,39095
2088,39097
2089,39099
2090,39101
2091,39103
2092,39105
2093,39107
2094,39109
2095,39111
2096,39113
2097,39115
2098,39117
2099,39119
2100,39121
2101,39123
2102,39125
2103,39127
2104,39129
2105,39131
2106,39133
2107,39135
2108,39137
2109,39139
2110,39141
2111,39143
2112,39145
2113,39147
2114,39149
2115,39151
2116,39153
2117,39155
2118,39157
2119,39159
2120,39161
2121,39163
2122,39165
2123,39167
2124,39169
2125,39171
2126,39173
2127,39175
2128,40001
2129,40003
2130,40005
2131,40007
2132,40009
2133,40011
2134,40013
2135,40015
2136,40017
2137,40019
2138,40021
2139,40023
2140,40025
2141,40027
2142,40029
2143,40031
2144,40033
2145,40035
2146,40037
2147,40039
2148,40041
2149,40043
2150,40045
2151,40047
2152,40049
2153,40051
2154,40053
2155,40055
2156,40057
2157,40059
2158,40061
2159,40063
2160,40065
2161,40067
2162,40069
2163,40071
2164,40073
2165,40075
2166,40077
2167,40079
2168,40081
2169,40083
2170,40085
2171,40087
2172,40089
2173,40091
2174,40093
2175,40095
2176,40097
2177,40099
2178,40101
2179,40103
2180,40105
2181,40107
2182,40109
2183,40111
2184,40113
2185,40115
2186,40117
2187,40119
2188,40121
2189,40123
2190,40125
2191,40127
2192,40129
2193,40131
2194,40133
2195,40135
2196,40137
2197,40139
2198,40141
2199,40143
2200,40145
2201,40147
2202,40149
2203,40151
2204,40153
2205,41001
2206,41003
2207,41005
2208,41007
2209,41009
2210,41011
2211,41013
2212,41015
2213,41017
2214,41019
2215,41021
2216,41023
2217,41025
2218,41027
2219,41029
2220,41031
2221,41033
2222,41035
2223,41037
2224,41039
2225,41041
2226,41043
2227,41045
2228,41047
2229,41049
2230,41051
2231,41053
2232,41055
2233,41057
2234,41059
2235,41061
2236,41063
2237,41065
2238,41067
2239,41069
2240,41071
2241,42001
2242,42003
2243,42005
2244,42007
2245,42009
2246,42011
2247,42013
2248,42015
2249,42017
2250,42019
2251,42021
2252,42023
2253,42025
2254,42027
2255,42029
2256,42031
2257,42033
2258,42035
2259,42037
2260,42039
2261,42041
2262,42043
2263,42045
2264,42047
2265,42049
2266,42051
2267,42053
2268,42055
2269,42057
2270,42059
2271,42061
2272,42063
2273,42065
2274,42067
2275,42069
2276,42071
2277,42073
2278,42075
2279,42077
2280,42079
2281,42081
2282,42083
2283,42085
2284,42087
2285,42089
2286,42091
2287,42093
2288,42095
2289,42097
2290,42099
2291,42101
2292,42103
2293,42105
2294,42107
2295,42109
2296,42111
2297,42113
2298,42115
2299,42117
2300,42119
2301,42121
2302,42123
2303,42125
2304,42127
2305,42129
2306,42131
2307,42133
2308,44001
2309,44003
2310,44005
2311,44007
2312,44009
2313,45001
2314,45003
2315,45005
2316,45007
2317,45009
2318,45011
2319,45013
2320,45015
2321,45017
2322,45019
2323,45021
2324,45023
2325,45025
2326,45027
2327,45029
2328,45031
2329,45033
2330,45035
2331,45037
2332,45039
2333,45041
2334,45043
2335,45045
2336,45047
2337,45049
2338,45051
2339,45053
2340,45055
2341,45057
2342,45059
2343,45061
2344,45063
2345,45065
2346,45067
2347,45069
2348,45071
2349,45073
2350,45075
2351,45077
2352,45079
2353,45081
2354,45083
2355,45085
2356,45087
2357,45089
2358,45091
2359,46003
2360,46005
2361,46007
2362,46009
2363,46011
2364,46013
2365,46015
2366,46017
2367,46019
2368,46021
2369,46023
2370,46025
2371,46027
2372,46029
2373,46031
2374,46033
2375,46035
2376,46037
2377,46039
2378,46041
2379,46043
2380,46045
2381,46047
2382,46049
2383,46051
2384,46053
2385,46055
2386,46057
2387,46059
2388,46061
2389,46063
2390,46065
2391,46067
2392,46069
2393,46071
2394,46073
2395,46075
2396,46077
2397,46079
2398,46081
2399,46083
2400,46085
2401,46087
2402,46089
2403,46091
2404,46093
2405,46095
2406,46097
2407,46099
2408,46101
2409,46103
2410,46105
2411,46107
2412,46109
2413,46111
2414,46113
2415,46115
2416,46117
2417,46119
2418,46121
2419,46123
2420,46125
2421,46127
2422,46129
2423,46135
2424,46137
2425,47001
2426,47003
2427,47005
2428,47007
2429,47009
2430,47011
2431,47013
2432,47015
2433,47017
2434,47019
2435,47021
2436,47023
2437,47025
2438,47027
2439,47029
2440,47031
2441,47033
2442,47035
2443,47037
2444,47039
2445,47041
2446,47043
2447,47045
2448,47047
2449,47049
2450,47051
2451,47053
2452,47055
2453,47057
2454,47059
2455,47061
2456,47063
2457,47065
2458,47067
2459,47069
2460,47071
2461,47073
2462,47075
2463,47077
2464,47079
2465,47081
2466,47083
2467,47085
2468,47087
2469,47089
2470,47091
2471,47093
2472,47095
2473,47097
2474,47099
2475,47101
2476,47103
2477,47105
2478,47107
2479,47109
2480,47111
2481,47113
2482,47115
2483,47117
2484,47119
2485,47121
2486,47123
2487,47125
2488,47127
2489,47129
2490,47131
2491,47133
2492,47135
2493,47137
2494,47139
2495,47141
2496,47143
2497,47145
2498,47147
2499,47149
2500,47151
2501,47153
2502,47155
2503,47157
2504,47159
2505,47161
2506,47163
2507,47165
2508,47167
2509,47169
2510,47171
2511,47173
2512,47175
2513,47177
2514,47179
2515,47181
2516,47183
2517,47185
2518,47187
2519,47189
2520,48001
2521,48003
2522,48005
2523,48007
2524,48009
2525,48011
2526,48013
2527,48015
2528,48017
2529,48019
2530,48021
2531,48023
2532,48025
2533,48027
2534,48029
2535,48031
2536,48033
2537,48035
2538,48037
2539,48039
2540,48041
2541,48043
2542,48045
2543,48047
2544,48049
2545,48051
2546,48053
2547,48055
2548,48057
2549,48059
2550,48061
2551,48063
2552,48065
2553,48067
2554,48069
2555,48071
2556,48073
2557,48075
2558,48077
2559,48079
2560,48081
2561,48083
2562,48085
2563,48087
2564,48089
2565,48091
2566,48093
2567,48095
2568,48097
2569,48099
2570,48101
2571,48103
2572,48105
2573,48107
2574,48109
2575,48111
2576,48113
2577,48115
2578,48117
2579,48119
2580,48121
2581,48123
2582,48125
2583,48127
2584,48129
2585,48131
2586,48133
2587,48135
2588,48137
2589,48139
2590,48141
2591,48143
2592,48145
2593,48147
2594,48149
2595,48151
2596,48153
2597,48155
2598,48157
2599,48159
2600,48161
2601,48163
2602,48165
2603,48167
2604,48169
2605,48171
2606,48173
2607,48175
2608,48177
2609,48179
2610,48181
2611,48183
2612,48185
2613,48187
2614,48189
2615,48191
2616,48193
2617,48195
2618,48197
2619,48199
2620,48201
2621,48203
2622,48205
2623,48207
2624,48209
2625,48211
2626,48213
2627,48215
2628,48217
2629,48219
2630,48221
2631,48223
2632,48225
2633,48227
2634,48229
2635,48231
2636,48233
2637,48235
2638,48237
2639,48239
2640,48241
2641,48243
2642,48245
2643,48247
2644,48249
2645,48251
2646,48253
2647,48255
2648,48257
2649,48259
2650,48261
2651,48263
2652,48265
2653,48267
2654,48269
2655,48271
2656,48273
2657,48275
2658,48277
2659,48279
2660,48281
2661,48283
2662,48285
2663,48287
2664,48289
2665,48291
2666,48293
2667,48295
2668,48297
2669,48299
2670,48301
2671,48303
2672,48305
2673,48307
2674,48309
2675,48311
2676,48313
2677,48315
2678,48317
2679,48319
2680,48321
2681,48323
2682,48325
2683,48327
2684,48329
2685,48331
2686,48333
2687,48335
2688,48337
2689,48339
2690,48341
2691,48343
2692,48345
2693,48347
2694,48349
2695,48351
2696,48353
2697,48355
2698,48357
2699,48359
2700,48361
2701,48363
2702,48365
2703,48367
2704,48369
2705,48371
2706,48373
2707,48375
2708,48377
2709,48379
2710,48381
2711,48383
2712,48385
2713,48387
2714,48389
2715,48391
2716,48393
2717,48395
2718,48397
2719,48399
2720,48401
2721,48403
2722,48405
2723,48407
2724,48409
2725,48411
2726,48413
2727,48415
2728,48417
2729,48419
2730,48421
2731,48423
2732,48425
2733,48427
2734,48429
2735,48431
2736,48433
2737,48435
2738,48437
2739,48439
2740,48441
2741,48443
2742,48445
2743,48447
2744,48449
2745,48451
2746,48453
2747,48455
2748,48457
2749,48459
2750,48461
2751,48463
2752,48465
2753,48467
2754,48469
2755,48471
2756,48473
2757,48475
2758,48477
2759,48479
2760,48481
2761,48483
2762,48485
2763,48487
2764,48489
2765,48491
2766,48493
2767,48495
2768,48497
2769,48499
2770,48501
2771,48503
2772,48505
2773,48507
2774,49001
2775,49003
2776,49005
2777,49007
2778,49009
2779,49011
2780,49013
2781,49015
2782,49017
2783,49019
2784,49021
2785,49023
2786,49025
2787,49027
2788,49029
2789,49031
2790,49033
2791,49035
2792,49037
2793,49039
2794,49041
2795,49043
2796,49045
2797,49047
2798,49049
2799,49051
2800,49053
2801,49055
2802,49057
2803,50001
2804,50003
2805,50005
2806,50007
2807,50009
2808,50011
2809,50013
2810,50015
2811,50017
2812,50019
2813,50021
2814,50023
2815,50025
2816,50027
2817,51001
2818,51003
2819,51005
2820,51007
2821,51009
2822,51011
2823,51013
2824,51015
2825,51017
2826,51019
2827,51021
2828,51023
2829,51025
2830,51027
2831,51029
2832,51031
2833,51033
2834,51035
2835,51036
2836,51037
2837,51041
2838,51043
2839,51045
2840,51047
2841,51049
2842,51051
2843,51053
2844,51057
2845,51059
2846,51061
2847,51063
2848,51065
2849,51067
2850,51069
2851,51071
2852,51073
2853,51075
2854,51077
2855,51079
2856,51081
2857,51083
2858,51085
2859,51087
2860,51089
2861,51091
2862,51093
2863,51095
2864,51097
2865,51099
2866,51101
2867,51103
2868,51105
2869,51107
2870,51109
2871,51111
2872,51113
2873,51115
2874,51117
2875,51119
2876,51121
2877,51125
2878,51127
2879,51131
2880,51133
2881,51135
2882,51137
2883,51139
2884,51141
2885,51143
2886,51145
2887,51147
2888,51149
2889,51153
2890,51155
2891,51157
2892,51159
2893,51161
2894,51163
2895,51165
2896,51167
2897,51169
2898,51171
2899,51173
2900,51175
2901,51177
2902,51179
2903,51181
2904,51183
2905,51185
2906,51187
2907,51191
2908,51193
2909,51195
2910,51197
2911,51199
2912,51510
2913,51515
2914,51520
2915,51530
2916,51540
2917,51550
2918,51570
2919,51580
2920,51590
2921,51595
2922,51600
2923,51610
2924,51620
2925,51630
2926,51640
2927,51650
2928,51660
2929,51670
2930,51678
2931,51680
2932,51683
2933,51685
2934,51690
2935,51700
2936,51710
2937,51720
2938,51730
2939,51735
2940,51740
2941,51750
2942,51760
2943,51770
2944,51775
2945,51790
2946,51800
2947,51810
2948,51820
2949,51830
2950,51840
2951,53001
2952,53003
2953,53005
2954,53007
2955,53009
2956,53011
2957,53013
2958,53015
2959,53017
2960,53019
2961,53021
2962,53023
2963,53025
2964,53027
2965,53029
2966,53031
2967,53033
2968,53035
2969,53037
2970,53039
2971,53041
2972,53043
2973,53045
2974,53047
2975,53049
2976,53051
2977,53053
2978,53055
2979,53057
2980,53059
2981,53061
2982,53063
2983,53065
2984,53067
2985,53069
2986,53071
2987,53073
2988,53075
2989,53077
2990,54001
2991,54003
2992,54005
2993,54007
2994,54009
2995,54011
2996,54013
2997,54015
2998,54017
2999,54019
3000,54021
3001,54023
3002,54025
3003,54027
3004,54029
3005,54031
3006,54033
3007,54035
3008,54037
3009,54039
3010,54041
3011,54043
3012,54045
3013,54047
3014,54049
3015,54051
3016,54053
3017,54055
3018,54057
3019,54059
3020,54061
3021,54063
3022,54065
3023,54067
3024,54069
3025,54071
3026,54073
3027,54075
3028,54077
3029,54079
3030,54081
3031,54083
3032,54085
3033,54087
3034,54089
3035,54091
3036,54093
3037,54095
3038,54097
3039,54099
3040,54101
3041,54103
3042,54105
3043,54107
3044,54109
3045,55001
3046,55003
3047,55005
3048,55007
3049,55009
3050,55011
3051,55013
3052,55015
3053,55017
3054,55019
3055,55021
3056,55023
3057,55025
3058,55027
3059,55029
3060,55031
3061,55033
3062,55035
3063,55037
3064,55039
3065,55041
3066,55043
3067,55045
3068,55047
3069,55049
3070,55051
3071,55053
3072,55055
3073,55057
3074,55059
3075,55061
3076,55063
3077,55065
3078,55067
3079,55069
3080,55071
3081,55073
3082,55075
3083,55077
3084,55078
3085,55079
3086,55081
3087,55083
3088,55085
3089,55087
3090,55089
3091,55091
3092,55093
3093,55095
3094,55097
3095,55099
3096,55101
3097,55103
3098,55105
3099,55107
3100,55109
3101,55111
3102,55113
3103,55115
3104,55117
3105,55119
3106,55121
3107,55123
3108,55125
3109,55127
3110,55129
3111,55131
3112,55133
3113,55135
3114,55137
3115,55139
3116,55141
3117,56001
3118,56003
3119,56005
3120,56007
3121,56009
3122,56011
3123,56013
3124,56015
3125,56017
3126,56019
3127,56021
3128,56023
3129,56025
3130,56027
3131,56029
3132,56031
3133,56033
3134,56035
3135,56037
3136,56039
3137,56041
3138,56043
3139,56045
3140,72001
3141,72003
3142,72005
3143,72007
3144,72009
3145,72011
3146,72013
3147,72015
3148,72017
3149,72019
3150,72021
3151,72023
3152,72025
3153,72027
3154,72029
3155,72031
3156,72033
3157,72035
3158,72037
3159,72039
3160,72041
3161,72043
3162,72045
3163,72047
3164,72049
3165,72051
3166,72053
3167,72054
3168,72055
3169,72057
3170,72059
3171,72061
3172,72063
3173,72065
3174,72067
3175,72069
3176,72071
3177,72073
3178,72075
3179,72077
3180,72079
3181,72081
3182,72083
3183,72085
3184,72087
3185,72089
3186,72091
3187,72093
3188,72095
3189,72097
3190,72099
3191,72101
3192,72103
3193,72105
3194,72107
3195,72109
3196,72111
3197,72113
3198,72115
3199,72117
3200,72119
3201,72121
3202,72123
3203,72125
3204,72127
3205,72129
3206,72131
3207,72133
3208,72135
3209,72137
3210,72139
3211,72141
3212,72143
3213,72145
3214,72147
3215,72149
3216,72151
3217,72153
